City,Cloudiness,Country,Date,Max Temp,Wind Speed,Lat,Lng,Humidity
Cape Town,0,ZA,1529550000,42.8,4.7,-33.93,18.42,93
Najran,20,SA,1529550000,78.8,3.85,17.54,44.22,19
Fukue,75,JP,1529548200,73.4,10.29,35.03,136.69,83
Busselton,92,AU,1529551322,62.19,11.56,-33.64,115.35,100
Bluff,36,AU,1529551664,69.57,8.77,-23.58,149.07,48
Ilulissat,0,GL,1529549400,48.2,17.22,69.22,-51.1,45
Port Alfred,0,ZA,1529551383,60.3,9.89,-33.59,26.89,96
Hobart,20,AU,1529548200,53.6,12.75,-42.88,147.33,50
Kahului,40,US,1529549760,84.2,18.34,20.89,-156.47,62
Rikitea,32,PF,1529551379,73.8,6.98,-23.12,-134.97,100
Kultuk,92,RU,1529551665,57.69,2.62,51.73,103.71,100
Jamestown,0,AU,1529551217,54.09,4.18,-33.21,138.6,65
New Norfolk,20,AU,1529548200,53.6,12.75,-42.78,147.06,50
Bambous Virieux,75,MU,1529550000,71.6,4.41,-20.34,57.76,94
Qaanaaq,64,GL,1529551666,31.23,1.16,77.48,-69.36,98
Leca da Palmeira,75,PT,1529550000,60.8,16.11,41.19,-8.7,100
Carnarvon,0,ZA,1529551666,34.56,8.77,-30.97,22.13,79
Severo-Yeniseyskiy,44,RU,1529551666,70.74,5.53,60.37,93.04,50
Kruisfontein,0,ZA,1529551321,52.47,10.89,-34,24.73,94
Margate,20,AU,1529548200,53.6,12.75,-43.03,147.26,50
Ushuaia,40,AR,1529550000,30.2,17.22,-54.81,-68.31,92
Puerto Ayora,20,EC,1529551328,71.37,11.45,-0.74,-90.35,100
Eureka,90,US,1529550000,55.4,9.17,40.8,-124.16,87
Olinda,75,EC,1529550000,71.6,13.87,-2.03,-79.75,78
Grindavik,75,IS,1529550000,41,8.05,63.84,-22.43,86
Tessalit,0,ML,1529551668,82.44,11.45,20.2,1.01,17
Anadyr,75,RU,1529548200,51.8,13.42,64.73,177.51,71
Airai,0,TL,1529551668,80.91,2.28,-8.93,125.41,59
Sabzevar,12,IR,1529551668,70.92,5.97,36.21,57.68,34
Kichmengskiy Gorodok,92,RU,1529551669,50.31,12.8,59.99,45.81,96
Nikolskoye,0,RU,1529548200,55.4,6.71,59.7,30.79,66
Pevek,0,RU,1529551669,47.34,2.17,69.7,170.27,70
Dikson,0,RU,1529551669,34.11,23.76,73.51,80.55,91
Leh,76,IN,1529551670,31.77,0.72,34.16,77.58,100
Kurilsk,92,RU,1529551670,49.41,7.99,45.23,147.88,97
Vaini,100,IN,1529551327,70.11,7.99,15.34,74.49,98
Plettenberg Bay,0,ZA,1529551325,56.52,7.76,-34.05,23.37,100
Praia da Vitoria,75,PT,1529550000,68,7.65,38.73,-27.07,94
Rio Gallegos,75,AR,1529550000,32,14.99,-51.62,-69.22,96
Tasiilaq,92,GL,1529549400,41,17.22,65.61,-37.64,75
Konstancin-Jeziorna,0,PL,1529550000,59,5.82,52.08,21.12,87
Arlit,24,NE,1529551671,77.04,4.07,18.74,7.39,22
Pangnirtung,76,CA,1529551723,31.32,1.95,66.15,-65.72,99
Fortuna,0,ES,1529550000,68,4.7,38.18,-1.13,82
Pisco,90,PE,1529550000,62.6,2.24,-13.71,-76.2,82
Samana,24,EC,1529551724,68.58,1.16,0.12,-76.97,96
Barrow,0,AR,1529551724,50.76,17.72,-38.31,-60.23,83
Cherskiy,0,RU,1529551725,62.19,1.61,68.75,161.3,50
Botshabelo,0,ZA,1529550000,33.8,1.12,-29.23,26.73,80
Kaitangata,0,NZ,1529551329,43.29,3.62,-46.28,169.85,90
Geraldton,20,CA,1529546400,59,2.24,49.72,-86.95,47
Torbay,90,CA,1529546400,53.6,20.8,47.66,-52.73,71
Luang Prabang,75,LA,1529546400,82.4,2.24,19.89,102.14,78
Lompoc,90,US,1529549880,62.6,12.75,34.64,-120.46,93
Narsaq,92,GL,1529549400,53.6,16.11,60.91,-46.05,32
Lebu,8,ET,1529551726,39.96,2.28,8.96,38.73,83
Namibe,0,AO,1529551325,67.95,4.52,-15.19,12.15,100
Navoi,0,IT,1529549700,71.6,2.24,46.17,11.83,83
Faanui,88,PF,1529551727,81.27,16.71,-16.48,-151.75,99
Longyearbyen,75,NO,1529549400,41,5.82,78.22,15.63,86
Albany,1,US,1529549640,64.4,2.73,42.65,-73.75,87
Kingman,1,US,1529549700,107.6,9.17,35.19,-114.05,7
Predivinsk,64,RU,1529551728,66.87,5.19,57.07,93.44,66
Bethel,90,US,1529549580,57.2,6.93,60.79,-161.76,71
Pauri,0,IN,1529551728,77.58,2.73,30.15,78.78,76
Saint George,75,GR,1529549400,71.6,4.7,39.45,22.34,56
Saldanha,8,PT,1529551728,60.66,2.62,41.42,-6.55,96
Mataura,0,NZ,1529551320,43.65,4.52,-46.19,168.86,94
Cabo San Lucas,5,MX,1529549340,75.2,13.8,22.89,-109.91,60
Norman Wells,40,CA,1529546400,75.2,6.93,65.28,-126.83,47
Ukiah,1,US,1529549760,73.4,11.41,39.15,-123.21,23
Kapaa,40,US,1529549760,80.6,8.05,22.08,-159.32,74
Cidreira,0,BR,1529551729,50.22,2.39,-30.17,-50.22,87
Mahebourg,75,MU,1529550000,71.6,4.41,-20.41,57.7,94
Lindi,8,TZ,1529551730,66.24,4.41,-10,39.71,92
Tuatapere,0,NZ,1529551730,42.66,3.62,-46.13,167.69,100
Deputatskiy,0,RU,1529551730,70.56,8.66,69.3,139.9,23
Punta Arenas,20,CL,1529550000,32,24.16,-53.16,-70.91,100
Nuevo Ideal,88,MX,1529551730,73.44,7.43,24.89,-105.07,37
Cuenca,0,ES,1529551731,60.39,4.41,40.07,-2.13,61
Smithers,75,CA,1529546400,64.4,1.72,54.78,-127.17,88
Hilo,75,US,1529549760,80.6,10.29,19.71,-155.08,65
Vila Velha,40,BR,1529550000,80.6,10.29,-3.71,-38.6,78
Avarua,75,CK,1529550000,77,6.93,-21.21,-159.78,69
Yumen,0,CN,1529551732,81.63,1.16,40.29,97.04,35
Trincomalee,24,LK,1529551732,83.52,19.06,8.58,81.23,70
Hermanus,0,ZA,1529551321,32.94,2.62,-34.42,19.24,92
Wanning,0,AT,1529549400,60.8,2.24,48.64,13.53,93
Tapes,0,BR,1529551783,49.14,4.97,-30.67,-51.4,80
Bar-le-Duc,0,FR,1529550000,60.8,3.85,48.77,5.16,100
Collie,56,AU,1529551784,57.69,5.75,-33.36,116.15,100
Lorengau,8,PG,1529551763,83.07,5.3,-2.02,147.27,100
Goianesia,36,BR,1529551784,68.13,7.99,-15.32,-49.12,55
Kodiak,1,US,1529549580,73.4,8.05,39.95,-94.76,78
Pochutla,56,MX,1529551785,80.46,7.76,15.74,-96.47,100
Salalah,90,OM,1529545800,80.6,9.17,17.01,54.1,94
Niquero,8,CU,1529551785,81.63,7.43,20.04,-77.58,98
Upernavik,88,GL,1529551319,32.58,10.89,72.79,-56.15,95
Auki,68,NG,1529551785,69.48,10.89,12.18,6.51,96
Saint-Philippe,90,CA,1529550900,68,10.45,45.36,-73.48,72
Oussouye,80,SN,1529551786,76.68,9.22,12.49,-16.54,100
Guerrero Negro,0,MX,1529551786,63.27,8.99,27.97,-114.04,86
Yellowknife,75,CA,1529546400,78.8,16.11,62.45,-114.38,39
Tiarei,40,PF,1529550000,82.4,4.7,-17.53,-149.33,65
Kisangani,88,CD,1529551787,71.91,2.62,0.52,25.21,100
Ust-Nera,68,RU,1529551787,59.49,2.39,64.57,143.24,59
Mentougou,0,CN,1529550000,91.4,4.47,39.94,116.09,29
Inhambane,92,MZ,1529551787,70.83,3.18,-23.87,35.38,100
Saucillo,0,MX,1529551788,82.71,6.64,28.03,-105.29,13
Srisailam,100,IN,1529551788,77.04,7.2,16.07,78.87,79
San Patricio,0,PY,1529551384,66.51,5.53,-26.98,-56.83,73
Ancud,88,CL,1529551788,46.44,10.45,-41.87,-73.83,82
Nishihara,90,JP,1529550660,75.2,10.29,35.74,139.53,83
Esil,12,KZ,1529551789,71.91,15.03,51.96,66.41,51
Fatehpur,0,PK,1529551789,88.92,4.74,31.18,71.21,59
Calvinia,0,ZA,1529551789,28.17,3.62,-31.47,19.78,68
Betanzos,12,ES,1529550000,62.6,3.36,43.28,-8.21,93
Hithadhoo,80,MV,1529551790,83.97,7.43,-0.6,73.08,100
San Cristobal,20,EC,1529550000,46.4,6.93,-0.39,-78.55,87
Mount Gambier,56,AU,1529551790,51.75,3.4,-37.83,140.78,98
Tarakan,12,ID,1529551790,85.59,2.06,3.3,117.63,88
Ponta do Sol,8,BR,1529551791,53.28,2.73,-20.63,-46,81
Mongo,92,CF,1529551791,69.75,2.39,4.83,22.92,99
Athabasca,0,CA,1529551684,77.94,3.06,54.72,-113.29,71
Luderitz,0,NA,1529551791,50.22,6.31,-26.65,15.16,87
George,20,NG,1529550000,73.4,3.36,6.63,3.35,100
Kondinskoye,76,RU,1529551792,63.27,7.2,59.65,67.41,76
Batticaloa,20,LK,1529551792,84.87,12.12,7.71,81.69,91
Leningradskiy,8,RU,1529551328,32.4,16.49,69.38,178.42,98
Evensk,12,RU,1529551792,44.91,5.41,61.92,159.24,100
Talnakh,48,RU,1529551793,60.57,3.62,69.49,88.39,90
Bilibino,56,RU,1529551793,66.15,1.72,68.06,166.44,47
Saladoblanco,64,CO,1529551793,51.66,1.72,1.99,-76.05,94
Champerico,40,MX,1529548860,80.6,2.17,16.38,-93.6,65
Dingle,44,PH,1529551843,83.16,7.87,11,122.67,80
Raudeberg,92,NO,1529549400,44.6,4.7,61.99,5.14,93
Codrington,88,AU,1529551844,57.15,4.97,-28.95,153.24,95
Ribeira Grande,68,PT,1529551844,70.83,2.62,38.52,-28.7,100
Bredasdorp,8,ZA,1529550000,37.4,3.36,-34.53,20.04,93
College,1,US,1529549880,78.8,4.7,64.86,-147.8,27
Richards Bay,0,ZA,1529551845,61.56,7.65,-28.77,32.06,94
Ostrovnoy,92,RU,1529551846,44.19,8.66,68.05,39.51,100
Agadez,0,NE,1529551846,82.26,12.24,16.97,7.99,49
Tautira,40,PF,1529550000,82.4,4.7,-17.73,-149.15,65
Nantucket,1,US,1529550900,68,6.93,41.28,-70.1,93
Dzerzhinsk,0,RU,1529550000,57.2,8.95,56.24,43.46,67
Gweta,0,BW,1529551847,47.34,7.65,-20.21,25.26,57
Butaritari,88,KI,1529551847,84.06,5.64,3.07,172.79,100
Laguna,0,MX,1529551847,88.47,5.75,27.52,-110.01,39
Gigmoto,92,PH,1529551847,83.34,6.31,13.78,124.39,100
Dickinson,1,US,1529549760,66.2,2.95,46.88,-102.79,68
Talaya,36,RU,1529551848,65.43,13.24,55.79,84.89,64
Puerto del Rosario,75,ES,1529550000,68,14.99,28.5,-13.86,72
Devrek,24,TR,1529551848,65.52,1.95,41.22,31.96,96
Turukhansk,0,RU,1529551848,69.12,15.26,65.8,87.96,62
Nome,90,US,1529551020,80.6,4.7,30.04,-94.42,94
Ketchikan,1,US,1529550180,68,14.99,55.34,-131.65,56
Itaituba,12,BR,1529551849,72.72,1.61,-4.26,-55.99,99
Dubovka,0,RU,1529550000,73.4,8.95,49.06,44.83,56
Tabou,92,CI,1529551849,77.67,9.33,4.42,-7.36,100
Santa Josefa,8,PH,1529551850,87.21,2.84,7.99,126.03,70
Teno,75,CL,1529550000,44.6,4.7,-34.87,-71.16,100
Souillac,0,FR,1529550000,69.8,9.78,45.6,-0.6,68
Buchanan,75,LR,1529546400,75.2,7.31,5.88,-10.05,94
Gunjur,20,GM,1529550000,75.2,10.29,13.18,-16.76,83
Alyangula,48,AU,1529551851,77.76,14.7,-13.85,136.42,89
Kichera,0,RU,1529551851,65.61,2.28,55.93,110.1,63
Canakkale,0,TR,1529549400,71.6,8.05,40.15,26.41,83
Weligama,92,LK,1529551851,80.37,15.93,5.97,80.42,93
Sorland,75,NO,1529549400,48.2,3.36,67.67,12.69,93
Lovozero,92,RU,1529551852,51.75,3.18,68.01,35.02,100
Taoudenni,0,ML,1529551852,87.12,7.87,22.68,-3.98,19
Koulikoro,0,ML,1529550000,82.4,11.41,12.86,-7.56,69
Vila,40,IT,1529549400,68,6.93,45.18,8.4,88
Jiangyou,100,CN,1529551853,72.09,4.97,31.78,104.73,97
Yatou,75,CM,1529550000,73.4,3.36,3.63,9.81,100
Kavieng,24,PG,1529551854,84.51,0.72,-2.57,150.8,100
Mar del Plata,88,AR,1529551854,42.21,18.5,-46.43,-67.52,76
Sangar,12,RU,1529551904,65.16,9.22,63.92,127.47,51
Cartagena del Chaira,20,CO,1529551904,70.74,0.38,1.33,-74.84,95
Castro,88,CL,1529551904,45.36,11.56,-42.48,-73.76,86
Chuy,68,UY,1529551904,58.86,11.68,-33.69,-53.46,90
Lenine,0,UA,1529551861,74.43,9.22,45.3,35.78,92
Topsham,0,GB,1529549400,53.6,9.17,50.69,-3.47,71
Presidencia Roque Saenz Pena,0,AR,1529551905,65.88,9.44,-26.79,-60.44,71
Taltal,0,CL,1529551906,46.89,1.83,-25.41,-70.49,94
Axim,88,GH,1529551906,77.31,11.79,4.87,-2.24,100
Marshall,90,US,1529549700,80.6,4.7,39.39,-87.69,94
East London,0,ZA,1529550000,55.4,9.17,-33.02,27.91,71
Port Macquarie,90,AU,1529546400,62.6,8.05,-31.43,152.91,67
Provideniya,75,RU,1529550000,44.6,11.18,64.42,-173.23,70
Batemans Bay,8,AU,1529551908,57.24,2.39,-35.71,150.18,85
Tiksi,56,RU,1529551908,57.69,3.62,71.64,128.87,72
Athens,40,US,1529550900,80.6,10.78,34.8,-86.97,83
Khatanga,80,RU,1529551909,54.81,18.05,71.98,102.47,100
Angouleme,0,FR,1529550000,69.8,5.82,45.65,0.15,82
Sikasso,0,ML,1529551909,73.89,10.11,11.32,-5.68,88
Inuvik,20,CA,1529550000,64.4,5.82,68.36,-133.71,52
Hualmay,44,PE,1529551909,55.71,1.28,-11.1,-77.61,100
Kamenka,0,RU,1529551910,63,9.55,53.19,44.05,50
Smolenka,48,PL,1529551910,60.66,10.45,54.15,22.76,71
Fujin,64,CN,1529551910,70.47,9.33,47.24,132.03,75
Lagoa,0,PT,1529550000,69.8,6.93,37.14,-8.45,77
Nouadhibou,20,MR,1529546400,68,16.11,20.93,-17.03,77
Saint-Pierre,0,FR,1529550000,59,2.24,48.95,4.24,87
Kenai,90,US,1529549760,66.2,4.7,60.55,-151.26,55
Bambanglipuro,56,ID,1529551912,82.71,8.43,-7.95,110.28,67
Kirzhach,0,RU,1529551912,59.76,13.02,56.16,38.87,55
Severo-Kurilsk,76,RU,1529551387,42.66,7.2,50.68,156.12,100
Lazaro Cardenas,5,MX,1529548920,84.2,6.93,28.39,-105.62,17
Harper,1,US,1529550900,82.4,8.21,30.3,-99.24,73
Port Elizabeth,1,US,1529551080,77,11.01,39.31,-74.98,88
Wahiawa,1,US,1529550240,89.6,14.99,21.5,-158.02,54
Petropavlovsk-Kamchatskiy,32,RU,1529550000,68,15.66,53.05,158.65,52
Nogliki,92,RU,1529551914,48.24,16.82,51.8,143.14,93
Guane,36,CU,1529551914,75.33,3.51,22.2,-84.09,90
Katsuura,75,JP,1529550000,75.2,6.93,33.93,134.5,73
Adrar,0,DZ,1529550000,84.2,14.99,27.87,-0.29,13
Atuona,48,PF,1529551388,80.91,11.79,-9.8,-139.03,100
Touros,68,BR,1529551915,76.41,15.14,-5.2,-35.46,82
Sitka,0,US,1529551385,75.42,9.78,37.17,-99.65,58
Enshi,92,CN,1529551915,69.57,3.62,30.29,109.48,100
Aran,20,CH,1529549400,66.2,1.12,46.5,6.71,93
Tuktoyaktuk,40,CA,1529550000,50,10.29,69.44,-133.03,90
Severnoye,12,RU,1529551964,60.48,9.33,54.09,52.54,62
Puerto Escondido,48,MX,1529551964,82.44,7.99,15.86,-97.07,100
Prince Rupert,90,CA,1529551500,53.6,4.7,54.32,-130.32,100
Umba,76,RU,1529551965,53.01,14.03,66.69,34.34,76
Cilegon,20,ID,1529550000,89.6,11.41,-6.02,106.05,59
Oranjemund,0,ZA,1529551965,57.42,3.06,-28.55,16.43,100
Clyde River,90,CA,1529550000,33.8,10.29,70.47,-68.59,92
Vanavara,0,RU,1529551966,78.12,3.96,60.35,102.28,75
Hobyo,0,SO,1529551966,74.97,20.18,5.35,48.53,85
Ritchie,0,ZA,1529550000,46.4,8.05,-29.03,24.6,56
Luanda,75,AO,1529550000,71.6,4.7,-8.83,13.24,78
Naze,88,NG,1529551967,70.74,3.96,5.43,7.07,99
Sovetskiy,0,RU,1529551967,58.59,20.29,56.76,48.47,63
Zhigansk,0,RU,1529551967,68.94,3.85,66.77,123.37,39
Yoichi,76,JP,1529551967,62.82,3.74,43.19,140.77,88
Burgeo,76,CA,1529551968,48.87,17.49,47.61,-57.61,87
Jacala,36,MX,1529551968,65.52,1.61,21,-99.19,95
Sao Filipe,0,CV,1529551968,72.27,13.47,14.9,-24.5,100
Erenhot,56,CN,1529551384,82.08,8.55,43.65,111.97,36
Aykhal,12,RU,1529551968,63.63,4.74,65.95,111.51,66
Kupang,0,ID,1529551969,84.42,15.26,-10.16,123.6,76
Flin Flon,12,CA,1529551969,79.65,4.97,54.77,-101.88,31
Vao,92,EE,1529551969,55.44,9.55,59.1,26.19,97
Avanigadda,20,IN,1529550000,93.2,5.82,16.02,80.92,59
Nalut,0,LY,1529551970,65.07,6.08,31.86,10.98,74
Rincon,1,US,1529550900,82.4,2.39,32.3,-81.24,83
Saskylakh,20,RU,1529551970,59.22,8.77,71.97,114.09,74
Tynda,36,RU,1529551971,65.52,5.64,55.15,124.74,70
Qazvin,0,IR,1529550000,66.2,2.24,36.28,50.01,63
Neftcala,92,AZ,1529551971,70.56,3.74,39.37,49.25,86
Porbandar,40,IN,1529550000,87.8,13.87,21.64,69.61,70
Sampit,48,ID,1529551972,83.34,6.42,-2.54,112.95,84
Misratah,0,LY,1529551972,68.31,4.85,32.38,15.09,98
Hay River,75,CA,1529550000,78.8,6.93,60.82,-115.79,44
Beringovskiy,0,RU,1529551972,42.57,10.45,63.05,179.32,100
Constitucion,5,MX,1529549160,77,5.82,23.99,-104.67,33
Khunti,75,IN,1529550000,87.8,3.36,23.08,85.28,66
Challans,0,FR,1529550000,62.6,8.05,46.85,-1.88,93
Chase,1,US,1529550900,62.6,2.73,43.89,-85.64,82
Charters Towers,0,AU,1529551973,67.86,7.65,-20.07,146.27,64
Masuguru,68,MZ,1529551973,70.29,3.06,-11.38,38.46,90
San Quintin,40,PH,1529550000,84.2,9.17,17.54,120.52,74
Saint Anthony,1,US,1529549760,71.6,3.36,43.97,-111.68,40
Sorong,36,ID,1529552024,82.26,4.63,-0.86,131.25,100
Coquimbo,24,CL,1529550000,46.4,2.24,-29.95,-71.34,93
Havelock,75,US,1529550720,80.6,12.75,34.88,-76.9,88
Nichinan,75,JP,1529550000,75.2,3.36,31.65,131.31,88
Yulara,0,AU,1529546400,59,13.87,-25.24,130.99,44
Paracuru,40,BR,1529550000,80.6,10.29,-3.41,-39.03,78
Chokurdakh,0,RU,1529552028,53.37,10.67,70.62,147.9,86
Susurluk,75,TR,1529549400,71.6,3.18,39.91,28.16,100
Fairbanks,1,US,1529549880,78.8,4.7,64.84,-147.72,27
San Ignacio,90,CL,1529550000,33.8,2.24,-36.8,-72.03,100
Vazante,8,BR,1529552032,57.69,3.85,-17.99,-46.9,84
Sibolga,80,ID,1529552033,75.33,2.62,1.74,98.78,95
Douglas,1,US,1529549760,82.4,10.29,31.34,-109.55,14
Pyapon,92,MM,1529552033,78.57,9.66,16.29,95.68,100
Vila Franca do Campo,40,PT,1529550000,69.8,4.7,37.72,-25.43,88
Marawi,24,PH,1529552034,79.65,3.18,8,124.29,77
Huron,90,US,1529549700,64.4,5.82,44.36,-98.21,88
Thompson,75,CA,1529550000,75.2,4.7,55.74,-97.86,53
Xining,48,CN,1529552035,57.42,3.62,36.62,101.77,93
Dicabisagan,20,PH,1529552035,87.03,1.95,17.08,122.42,87
Sinnamary,80,GF,1529552035,80.82,11.12,5.38,-52.96,95
Upala,75,CR,1529550000,73.4,3.36,10.9,-85.02,94
Araouane,88,ML,1529552036,90.63,10.78,18.9,-3.53,16
Semnan,0,IR,1529552036,67.41,7.99,35.58,53.39,62
Ola,20,RU,1529550000,64.4,17.9,59.58,151.3,52
Cuiluan,36,CN,1529552036,67.23,8.88,47.72,128.65,61
Huarmey,0,PE,1529552036,51.57,3.4,-10.07,-78.15,90
Bodmin,0,GB,1529549400,51.8,8.05,50.47,-4.72,93
Chhindwara,20,IN,1529551840,78.39,5.86,22.06,78.94,95
Victoria,75,BN,1529550000,86,2.24,5.28,115.24,83
Mehamn,75,NO,1529549400,44.6,8.05,71.03,27.85,93
Jizan,40,SA,1529550000,87.8,3.06,16.89,42.56,84
Esperance,20,TT,1529546400,77,3.18,10.24,-61.45,88
Machinga,32,MW,1529552038,63.45,3.4,-15.18,35.3,81
Ilhabela,0,BR,1529552038,70.29,5.53,-23.78,-45.36,100
Marhaura,20,IN,1529550000,89.6,11.41,25.97,84.87,70
Anloga,40,GH,1529550000,73.4,8.05,5.79,0.9,88
Bonavista,56,CA,1529552039,52.47,13.58,48.65,-53.11,74
Coihaique,90,CL,1529550000,35.6,2.24,-45.58,-72.07,72
Ko Samui,20,TH,1529548200,87.8,5.64,9.54,99.94,62
Portlethen,0,GB,1529549400,44.6,19.46,57.05,-2.13,87
Kiunga,24,PG,1529552040,82.71,2.95,-6.12,141.3,81
Hamilton,75,CA,1529550000,68,5.82,43.26,-79.87,88
Rovaniemi,0,FI,1529549400,50,5.82,66.5,25.72,76
Tadine,44,NC,1529552084,72.72,12.24,-21.55,167.88,98
Tilichiki,24,RU,1529552084,55.44,4.41,60.47,166.1,72
Tecoanapa,75,MX,1529549220,82.4,5.82,16.99,-99.26,78
Drabiv,0,UA,1529552084,61.65,2.95,49.96,32.14,79
Caravelas,88,BR,1529552085,75.51,14.03,-17.73,-39.27,100
Moyale,92,ET,1529552085,59.31,2.51,3.52,39.05,97
Arica,90,CL,1529550000,62.6,2.24,-18.48,-70.32,72
Linxia,92,CN,1529551874,56.07,3.4,35.6,103.21,100
Vanimo,48,PG,1529552085,83.61,9.78,-2.67,141.3,100
Aklavik,20,CA,1529550000,64.4,5.82,68.22,-135.01,52
Arraial do Cabo,0,BR,1529552086,68.04,12.24,-22.97,-42.02,99
Beloha,0,MG,1529552086,54.36,2.73,-25.17,45.06,80
Ixtapa,90,MX,1529549340,80.6,2.17,20.71,-105.21,83
Rio Grande,0,BR,1529552087,54.81,7.43,-32.03,-52.1,90
Tahoua,0,NE,1529552087,79.29,12.01,14.89,5.26,68
Wagar,32,US,1529552087,81.36,3.74,31.44,-87.99,66
Lasa,40,CY,1529550000,71.6,5.82,34.92,32.53,88
Miastko,12,PL,1529552087,67.86,9.1,54,16.98,71
Ardabil,75,IR,1529550000,51.8,4.7,38.25,48.3,62
Sao Jose de Ribamar,40,BR,1529550000,77,0.27,-2.56,-44.05,94
Biltine,20,TD,1529552088,70.02,5.41,14.53,20.93,86
Tomatlan,48,MX,1529552088,76.32,3.4,19.93,-105.25,69
Palmeirais,0,BR,1529552088,74.16,8.77,-5.97,-43.06,47
Adria,0,IT,1529549700,73.4,3.36,45.05,12.06,64
Puerto Narino,75,CO,1529550000,73.4,2.24,-3.77,-70.38,94
Taganak,75,PH,1529550000,89.6,5.82,6.08,118.3,62
Alenquer,75,BR,1529550000,73.4,2.24,-1.95,-54.74,100
Buzmeyin,20,TM,1529550000,82.4,2.24,38.05,58.21,32
Ashford,8,GB,1529549400,57.2,17.22,51.15,0.87,62
Yeppoon,40,AU,1529550000,71.6,11.41,-23.13,150.74,53
Nanortalik,92,GL,1529552090,36.9,28.12,60.14,-45.24,95
Bathsheba,40,BB,1529550000,78.8,17.22,13.22,-59.52,78
Esmeraldas,0,BR,1529550000,59,4.7,-19.76,-44.31,77
Iqaluit,75,CA,1529550000,33.8,16.11,63.75,-68.52,86
Atkarsk,0,RU,1529552091,64.98,7.99,51.88,45.01,42
Ust-Kuyga,0,RU,1529552091,71.46,6.98,70,135.55,49
Simpang,75,MY,1529550000,87.8,3.36,4.82,100.71,70
Coolum Beach,0,AU,1529552092,66.96,7.65,-26.53,153.09,84
Surgut,20,RU,1529550000,66.2,11.18,61.25,73.4,59
Kailua,75,US,1529550240,89.6,10.29,21.39,-157.74,69
Calama,0,CL,1529550000,46.4,14.99,-22.46,-68.93,20
Miandoab,0,IR,1529550000,66.2,13.87,36.97,46.1,48
Zaysan,8,KZ,1529552093,69.3,4.97,47.47,84.87,48
Pravda,64,BG,1529550000,62.6,2.24,43.16,25.69,100
Fort William,92,GB,1529552093,43.74,9.44,56.82,-5.11,100
Lenger,0,KZ,1529550000,78.8,2.24,42.18,69.89,29
The Valley,40,AI,1529550000,80.6,5.82,18.22,-63.06,69
Andros,0,GR,1529549400,71.6,10.78,37.83,24.93,73
Okhotsk,92,RU,1529552143,47.43,7.76,59.36,143.24,99
Gamba,32,CN,1529552144,34.74,1.16,28.28,88.52,86
Garissa,0,KE,1529552144,70.83,7.87,-0.46,39.64,82
Seoul,20,KR,1529550000,82.4,5.82,37.57,126.98,57
Georgetown,20,GY,1529550000,75.2,4.7,6.8,-58.16,94
Fasa,0,IR,1529550000,73.4,2.62,28.94,53.65,23
Chaihe,76,CN,1529552145,61.74,7.76,44.77,129.68,74
Kyshtovka,44,RU,1529552145,66.42,12.24,56.56,76.62,72
Waingapu,68,ID,1529552145,85.41,10.67,-9.65,120.26,59
Pozo Colorado,0,PY,1529552146,64.53,4.07,-23.49,-58.8,78
Sinegorye,56,RU,1529552146,66.33,2.73,62.09,150.53,34
Piedecuesta,40,CO,1529550000,68,3.36,6.99,-73.05,100
Sistranda,75,NO,1529549400,46.4,11.41,63.73,8.83,100
Fort Nelson,75,CA,1529550000,82.4,3.36,58.81,-122.69,42
Hambantota,80,LK,1529552147,81.99,17.27,6.12,81.12,95
Baherden,0,TM,1529552147,77.49,5.3,38.44,57.43,37
Santa Luzia,0,BR,1529550000,59,4.7,-19.77,-43.85,77
Christchurch,0,NZ,1529548200,48.2,2.24,-43.53,172.64,76
Necochea,0,AR,1529552148,49.32,14.81,-38.55,-58.74,96
Darhan,92,MN,1529552148,72.36,5.75,49.49,105.92,67
Aginskoye,0,RU,1529552149,78.21,6.87,51.11,114.54,65
Venustiano Carranza,90,MX,1529549460,62.6,11.41,19.42,-99.11,63
Berlevag,75,NO,1529549400,44.6,8.05,70.86,29.09,93
Maniitsoq,36,GL,1529552149,39.42,1.39,65.42,-52.9,80
Cadiz,75,US,1529551320,71.6,3.36,40.27,-81,88
Goderich,12,CA,1529552150,62.46,12.01,43.74,-81.71,56
Ust-Uda,80,RU,1529552150,66.96,4.29,54.17,103.03,74
Fergus Falls,1,US,1529550900,73.4,3.36,46.28,-96.08,73
Santa Maria,0,BR,1529546400,62.6,6.93,-29.69,-53.81,77
Catumbela,32,AO,1529552151,59.13,2.39,-12.43,13.55,97
Faro,0,PT,1529550000,69.8,6.93,37.02,-7.94,77
Shimoda,75,JP,1529550000,75.2,17.22,34.7,138.93,88
Bandar,76,ID,1529552152,78.03,4.63,-4.2,104.14,95
Kristinehamn,56,SE,1529549400,51.8,3.29,59.31,14.11,100
Nizhnevartovsk,0,RU,1529550000,62.6,11.18,60.93,76.58,77
Bonfim,0,GY,1529552152,68.04,3.4,3.36,-59.84,96
Greymouth,12,NZ,1529552058,49.14,0.94,-42.45,171.21,100
Kavaratti,88,IN,1529552153,80.55,22.3,10.57,72.64,100
Rudnogorsk,36,RU,1529552153,74.52,3.74,57.27,103.75,50
Srednekolymsk,0,RU,1529552153,73.44,4.97,67.46,153.71,34
Garden City,90,US,1529550900,77,5.82,40.73,-73.63,83
Kilosa,92,TZ,1529552154,66.42,1.95,-6.84,36.99,98
Zhaoyang,36,CN,1529552154,67.95,6.31,42.68,126.03,100
Nuuk,92,GL,1529549400,42.8,5.82,64.17,-51.74,81
Ipixuna,64,BR,1529552154,71.82,2.73,-1.76,-48.8,100
Nautla,76,MX,1529552204,83.97,18.95,20.22,-96.78,96
Rawson,0,AR,1529552204,48.87,21.52,-43.3,-65.11,42
Nueva Loja,24,EC,1529552204,68.58,1.16,0.08,-76.88,96
Lata,8,IN,1529552204,66.6,0.6,30.78,78.62,72
Nguru,76,NG,1529552205,72.54,8.77,12.88,10.45,90
Savannah Bight,12,HN,1529552205,84.24,19.73,16.45,-85.85,92
Vardo,75,US,1529550900,71.6,8.05,39.62,-77.74,100
Whitecourt,20,CA,1529550000,75.2,5.82,54.14,-115.68,41
Tokur,32,RU,1529552205,53.55,3.51,53.13,132.9,78
Barahona,88,DO,1529552206,74.61,6.87,18.21,-71.1,100
Taybad,0,IR,1529552206,74.25,8.66,34.74,60.78,30
Madimba,75,CM,1529550000,73.4,3.36,4.42,9.93,100
Terrace Bay,0,CA,1529552134,51.57,12.91,48.78,-87.1,63
Ahuimanu,75,US,1529550240,89.6,10.29,21.44,-157.84,69
Marsaxlokk,20,MT,1529549100,69.8,4.7,35.84,14.54,88
Atherton,92,GB,1529549400,51.8,13.87,53.52,-2.49,71
Monrovia,75,LR,1529546400,75.2,5.3,6.33,-10.8,94
Hailar,0,CN,1529552207,75.51,8.99,49.2,119.7,70
Japura,92,ID,1529552208,78.03,2.84,-0.42,102.29,93
Mangrol,8,IN,1529552208,85.86,5.41,25.33,76.51,73
Gondanglegi,44,ID,1529552208,79.56,4.97,-7.75,112.01,91
Elat,76,CM,1529552208,66.87,2.17,2.91,11.16,98
Villa Bruzual,40,VE,1529550000,73.4,2.95,9.33,-69.12,94
Biloela,0,AU,1529552209,68.67,10.78,-24.4,150.51,51
Kargil,76,PK,1529552209,32.13,0.72,34.56,76.13,100
Abu Samrah,0,SY,1529552210,65.07,10,35.3,37.18,94
Bay City,1,US,1529550960,64.4,2.84,43.59,-83.89,77
Noumea,20,NC,1529551800,75.2,9.17,-22.28,166.46,50
Rockingham,0,GB,1529549400,51.8,12.75,52.52,-0.72,87
Clarence Town,75,AU,1529551800,59,6.93,-32.59,151.78,87
Bol,92,TD,1529552211,72.99,8.66,13.47,14.72,87
Mandali,0,IQ,1529552211,76.59,9.66,33.75,45.55,27
Moron,40,VE,1529550000,73.4,3.36,10.49,-68.2,88
Hami,80,CN,1529552212,85.77,4.63,42.84,93.51,45
Miri,92,NG,1529552212,67.41,11.23,10.31,9.75,95
Mandalgovi,64,MN,1529552212,76.41,6.08,45.76,106.27,32
Port Hedland,0,AU,1529550000,75.2,17.22,-20.31,118.58,23
Egvekinot,8,RU,1529552213,51.57,2.28,66.32,-179.17,42
Lichinga,0,MZ,1529552213,50.49,4.63,-13.3,35.25,85
Den Helder,75,NL,1529550360,57.2,9.17,52.96,4.76,87
Braganca,12,BR,1529552213,71.55,4.07,-1.05,-46.77,98
Husavik,0,CA,1529552264,76.41,1.61,50.56,-96.99,45
Duminichi,0,RU,1529552264,58.86,10,53.93,35.11,56
Te Anau,0,NZ,1529552264,41.22,2.95,-45.41,167.72,95
Barnstaple,0,GB,1529549400,50,6.93,51.08,-4.06,81
General Pico,0,AR,1529552265,46.53,10.78,-35.66,-63.75,76
Vestmannaeyjar,0,IS,1529552265,45.27,11.68,63.44,-20.27,97
Lethem,0,GY,1529552265,68.04,3.4,3.38,-59.8,96
Ayan,36,TR,1529552265,52.11,2.95,40.67,33.6,93
Manta,56,RO,1529552266,63.81,2.62,45.1,24.1,90
Kimbe,56,PG,1529552266,82.8,6.76,-5.56,150.15,100
Leshukonskoye,100,RU,1529552266,56.16,5.97,64.9,45.76,100
Paita,0,PE,1529552266,64.8,5.19,-5.09,-81.11,92
Udachnyy,0,RU,1529552267,65.88,3.4,66.42,112.4,59
Matamoros,20,US,1529550660,78.8,6.93,25.87,-97.51,88
Belle Glade,20,US,1529549700,80.6,9.17,26.68,-80.67,83
Hofn,0,IS,1529552267,46.98,4.85,64.25,-15.21,92
Pangody,0,RU,1529552267,62.01,14.81,65.85,74.49,91
Sterling,1,US,1529550900,73.4,5.19,39,-77.4,100
Nagapattinam,48,IN,1529552268,86.94,14.47,10.76,79.84,56
Parabel,92,RU,1529552268,54.99,9.44,58.71,81.5,99
Oktyabrskiy,0,RU,1529550000,57.2,6.71,55.61,37.97,67
Wilmington Island,1,US,1529550900,82.4,11.12,32,-80.97,83
Manokwari,8,ID,1529552035,83.52,5.3,-0.87,134.08,100
Ruiz,56,MX,1529552269,72.27,1.05,21.95,-105.15,78
Imbituba,0,BR,1529550000,59,4.7,-28.24,-48.67,93
Daru,80,SL,1529552269,70.11,4.63,7.99,-10.85,97
Sabinov,0,SK,1529550000,64.4,2.24,49.1,21.1,82
Alihe,0,CN,1529552270,71.64,3.74,50.57,123.73,62
Benguela,80,AO,1529552270,69.3,3.74,-12.58,13.4,100
Saint-Augustin,0,FR,1529550000,69.8,6.93,44.83,-0.61,94
Marzuq,0,YE,1529552270,58.77,0.94,14.4,46.47,35
Borba,36,PT,1529552062,68.94,4.74,38.81,-7.46,77
Sao Joao da Barra,0,BR,1529552271,72.72,11.45,-21.64,-41.05,100
Katakwi,80,UG,1529552271,60.93,2.39,1.91,33.96,100
Mookane,0,BW,1529552271,49.32,10.22,-23.68,26.66,84
Heze,8,CN,1529552271,90,6.2,35.25,115.45,57
Xiongzhou,75,CN,1529550000,82.4,8.95,32.34,118.83,61
Cheltenham,1,GB,1529549760,51.8,11.01,51.9,-2.07,76
Sechura,56,PE,1529552272,67.86,11.12,-5.56,-80.82,87
Manggar,56,ID,1529552272,86.4,11.01,-2.88,108.27,78
Homer,75,US,1529549580,51.8,6.93,59.64,-151.54,87
Shingu,75,JP,1529550000,71.6,5.82,33.72,135.99,88
Shubarshi,12,KZ,1529552273,74.61,13.8,48.59,57.19,31
Broome,92,GB,1529549760,53.6,10.29,52.47,1.45,66
Road Town,1,VG,1529549580,82.4,6.93,18.42,-64.62,74
Ciudad Bolivar,92,VE,1529552273,72.27,4.63,8.12,-63.55,98
Aksu,40,KZ,1529550000,68,6.71,52.04,76.93,68
Roald,92,NO,1529549400,46.4,8.05,62.58,6.12,100
Klaksvik,92,FO,1529549400,46.4,28.86,62.23,-6.59,75
Kalulushi,8,ZM,1529552324,56.07,7.76,-12.84,28.09,62
Rocha,88,UY,1529552324,58.68,10,-34.48,-54.34,94
Oxapampa,64,PE,1529552324,47.16,1.83,-10.58,-75.4,88
Kawalu,80,ID,1529552325,74.34,2.39,-7.38,108.21,84
Chipinge,36,ZW,1529552325,57.06,2.73,-20.19,32.62,84
Marathon,0,CA,1529552325,54.36,9.78,48.72,-86.38,55
Sabha,0,LY,1529552325,74.61,10.89,27.03,14.43,36
General Roca,0,AR,1529546400,46.4,14.99,-39.03,-67.58,31
Zirandaro,12,MX,1529552326,74.61,1.72,18.45,-100.98,75
Muncar,92,ID,1529552326,80.19,8.1,-8.43,114.34,85
Noyabrsk,80,RU,1529552326,56.88,9.44,63.2,75.45,100
Kuusamo,0,FI,1529549400,48.2,9.17,65.96,29.19,76
Nahrin,0,AF,1529552327,66.78,2.84,36.06,69.13,54
Belyy Yar,0,RU,1529550000,69.8,4.47,53.6,91.39,64
Lyuban,0,BY,1529552327,57.87,2.95,52.8,28,80
Kologriv,92,RU,1529552327,56.43,16.49,58.83,44.31,55
Dudinka,76,RU,1529552328,72.18,12.68,69.41,86.18,58
Amapa,75,HN,1529550000,75.2,5.82,15.09,-87.97,100
San Ramon,48,NI,1529552328,69.93,1.61,12.92,-85.84,94
Oskemen,20,KZ,1529550000,71.6,4.47,49.96,82.61,56
Bam,0,IR,1529552161,80.64,3.51,29.11,58.36,19
Port Lincoln,8,AU,1529552329,58.14,5.64,-34.72,135.86,93
Knysna,0,ZA,1529550000,41,4.7,-34.04,23.05,86
Cedar City,1,US,1529549580,80.6,3.36,37.68,-113.06,14
Tarija,0,BO,1529550000,48.2,3.36,-21.53,-64.73,66
Pszczyna,0,PL,1529550000,62.6,3.36,49.98,18.94,93
Shelburne,1,CA,1529550000,68,3.36,44.08,-80.2,67
Chulym,44,RU,1529552330,64.98,11.56,55.09,80.97,77
Skjervoy,92,NO,1529552330,45.27,6.53,70.03,20.97,100
Aksarka,56,RU,1529552330,54.27,8.77,66.56,67.8,98
Sosnogorsk,88,RU,1529552331,63.36,7.2,63.59,53.93,74
Whyalla,40,AU,1529550000,59,2.24,-33.04,137.58,72
Buraydah,0,SA,1529550000,87.8,3.36,26.33,43.97,29
Gisborne,92,NZ,1529552331,51.84,17.49,-38.66,178.02,90
Skegness,20,GB,1529549400,51.8,8.05,53.14,0.34,76
Xiongyue,0,CN,1529552332,82.71,8.55,40.18,122.12,38
Show Low,1,US,1529549700,78.8,4.52,34.25,-110.03,9
Mocuba,0,MZ,1529552332,61.92,3.4,-16.84,36.99,90
Yerbogachen,56,RU,1529552332,78.3,2.06,61.28,108.01,55
Chingirlau,0,KZ,1529552332,74.79,8.99,51.09,54.08,42
Port Blair,56,IN,1529552278,82.08,16.15,11.67,92.75,100
Inirida,12,CO,1529552333,69.66,2.17,3.87,-67.92,96
Takoradi,88,GH,1529552333,77.67,9.55,4.89,-1.75,100
Sola,40,NO,1529549400,48.2,8.05,58.89,5.65,76
Saint Lawrence,20,MT,1529549100,69.8,4.7,36.06,14.2,88
