,lat,lon,city,country,actual_lat,actual_lon,temp,clouds,humidity,wind_speed
0,52.486932089678405,131.45299557913518,Osinki,RU,64.1747563559995,49.512938392681484,,,,
1,4.697790740333132,17.449258582136128,Hobyo,SO,64.1747563559995,49.512938392681484,,,,
2,14.413797746841807,7.40950434174862,Qandala,SO,64.1747563559995,49.512938392681484,,,,
3,-50.45576079445903,103.48331045777643,Tsihombe,MG,64.1747563559995,49.512938392681484,,,,
4,-46.9879374878063,17.618452428995102,Tsihombe,MG,64.1747563559995,49.512938392681484,,,,
5,56.31305506628298,12.171029967687188,Bolshaya Atnya,RU,64.1747563559995,49.512938392681484,,,,
6,-56.292507110851986,-0.6000762391477797,Tsihombe,MG,64.1747563559995,49.512938392681484,,,,
7,23.152705783301357,78.53060768067598,Abu Samrah,QA,64.1747563559995,49.512938392681484,,,,
8,7.697509953469348,0.0,Eyl,SO,64.1747563559995,49.512938392681484,,,,
9,-22.910703627208136,-86.92958975532733,Farafangana,MG,64.1747563559995,49.512938392681484,,,,
10,15.94108031696955,104.21921290340981,Bereda,SO,64.1747563559995,49.512938392681484,,,,
11,5.665010264190284,104.63158102627739,Hobyo,SO,64.1747563559995,49.512938392681484,,,,
12,3.215032284393958,-12.132707854064146,Hobyo,SO,64.1747563559995,49.512938392681484,,,,
13,5.831648950347026,15.645272258950625,Hobyo,SO,64.1747563559995,49.512938392681484,,,,
14,7.111409633368678,99.59848516313316,Eyl,SO,64.1747563559995,49.512938392681484,,,,
15,4.387966739288281,-51.884350459132584,Hobyo,SO,64.1747563559995,49.512938392681484,,,,
16,-2.5256726475874247,-11.369495281172696,Mogadishu,SO,64.1747563559995,49.512938392681484,,,,
17,34.290172079119664,-23.54923588650697,Arak,IR,64.1747563559995,49.512938392681484,,,,
18,11.658174578104424,-15.335145798127153,Qandala,SO,64.1747563559995,49.512938392681484,,,,
19,-48.6472031602813,-85.12897186938133,Tsihombe,MG,64.1747563559995,49.512938392681484,,,,
20,-3.271053784454178,16.609762409574653,Victoria,SC,64.1747563559995,49.512938392681484,,,,
21,24.866622232061594,-81.98188485021132,Buqayq,SA,64.1747563559995,49.512938392681484,,,,
22,29.334881020339427,57.79000781710407,Hendijan,IR,64.1747563559995,49.512938392681484,,,,
23,55.68777582162278,5.1229933124490845,Pestretsy,RU,64.1747563559995,49.512938392681484,,,,
24,-14.53964677904764,-87.56068568003374,Andapa,MG,64.1747563559995,49.512938392681484,,,,
25,-16.38191831987708,11.255993561579654,Mananara,MG,64.1747563559995,49.512938392681484,,,,
26,10.81801438550386,63.657488342471865,Bosaso,SO,64.1747563559995,49.512938392681484,,,,
27,40.48286690102328,4.435897854125816,Ceyranbatan,AZ,64.1747563559995,49.512938392681484,,,,
28,-15.139545506653645,-11.756745307061056,Maroantsetra,MG,64.1747563559995,49.512938392681484,,,,
29,36.26847258922492,23.06394233017192,Takestan,IR,64.1747563559995,49.512938392681484,,,,
30,-13.769343786709571,17.918452393444735,Ambilobe,MG,64.1747563559995,49.512938392681484,,,,
31,16.216532499088217,-15.358202830178966,Bereda,SO,64.1747563559995,49.512938392681484,,,,
32,-22.589097727612316,2.2448974197118075,Manakara,MG,64.1747563559995,49.512938392681484,,,,
33,-61.42515957815333,121.97052322974224,East London,ZA,64.1747563559995,49.512938392681484,,,,
34,-32.7443476607952,-0.5121950567602511,Taolanaro,MG,64.1747563559995,49.512938392681484,,,,
35,-16.970169747331138,85.83575658459027,Soanierana Ivongo,MG,64.1747563559995,49.512938392681484,,,,
36,53.37236995635432,-33.45674436298124,Tolyatti,RU,64.1747563559995,49.512938392681484,,,,
37,-6.874708857843238,74.83302694648,Ambilobe,MG,64.1747563559995,49.512938392681484,,,,
38,-65.93432509805692,40.61356142588153,East London,ZA,64.1747563559995,49.512938392681484,,,,
39,-6.181328337444452,2.0131656759571612,Victoria,SC,64.1747563559995,49.512938392681484,,,,
40,18.493493828541165,-19.625348327593574,Salalah,OM,64.1747563559995,49.512938392681484,,,,
41,-11.344983869845704,-70.89565093463621,Ambilobe,MG,64.1747563559995,49.512938392681484,,,,
42,-25.542506780500553,-31.32283208310146,Taolanaro,MG,64.1747563559995,49.512938392681484,,,,
43,11.397289950154564,-61.224003230487334,Bosaso,SO,64.1747563559995,49.512938392681484,,,,
44,-7.4758717920125495,12.096964071092374,Ambilobe,MG,64.1747563559995,49.512938392681484,,,,
45,19.695510518131336,-71.59989199510177,Abu Samrah,QA,64.1747563559995,49.512938392681484,,,,
46,-30.833101105029975,1.9602503060683123,Taolanaro,MG,64.1747563559995,49.512938392681484,,,,
47,55.72442531827986,-0.04215804206195772,Pestretsy,RU,64.1747563559995,49.512938392681484,,,,
48,38.54288784052114,-100.02730519656807,Astara,AZ,64.1747563559995,49.512938392681484,,,,
49,-0.5536501637106392,-101.09926124865133,Mogadishu,SO,64.1747563559995,49.512938392681484,,,,
50,47.127769579586136,-38.808495202524156,Marfino,RU,64.1747563559995,49.512938392681484,,,,
51,-10.713536535878934,-1.0279944220230504,Ambilobe,MG,64.1747563559995,49.512938392681484,,,,
52,-7.002986871173443,-55.5733773291536,Ambilobe,MG,64.1747563559995,49.512938392681484,,,,
53,-4.622367734772785,135.87893837328116,Victoria,SC,64.1747563559995,49.512938392681484,,,,
54,-1.6503242884270546,7.4726128029240275,Mogadishu,SO,64.1747563559995,49.512938392681484,,,,
55,-24.051613760507987,55.54527615715917,Vangaindrano,MG,64.1747563559995,49.512938392681484,,,,
56,-6.935895403253063,60.92415205821759,Ambilobe,MG,64.1747563559995,49.512938392681484,,,,
57,36.080002307461406,-29.599396296883462,Takestan,IR,64.1747563559995,49.512938392681484,,,,
58,4.429342466100122,-7.232596083835439,Hobyo,SO,64.1747563559995,49.512938392681484,,,,
59,30.510502250428402,-24.506428999741473,Omidiyeh,IR,64.1747563559995,49.512938392681484,,,,
60,-27.08029464589364,-5.027209822628593,Taolanaro,MG,64.1747563559995,49.512938392681484,,,,
61,-16.748804529315855,-14.112388899437864,Soanierana Ivongo,MG,64.1747563559995,49.512938392681484,,,,
62,60.256543588552624,-49.79399241341576,Letka,RU,64.1747563559995,49.512938392681484,,,,
63,49.80201971345331,143.83505239610176,Aleksandrov Gay,RU,64.1747563559995,49.512938392681484,,,,
64,24.682331361105838,41.02456020411966,Buqayq,SA,64.1747563559995,49.512938392681484,,,,
65,1.626338341085721,-26.784832439448415,Hobyo,SO,64.1747563559995,49.512938392681484,,,,
66,-4.973929278142673,61.59895047677361,Victoria,SC,64.1747563559995,49.512938392681484,,,,
67,5.137518801783115,-10.64488104952217,Hobyo,SO,64.1747563559995,49.512938392681484,,,,
68,-18.491964759981453,-34.84647193787298,Toamasina,MG,64.1747563559995,49.512938392681484,,,,
69,-5.297097504839508,-10.731018924423967,Victoria,SC,64.1747563559995,49.512938392681484,,,,
70,14.004017849349784,2.91633862968431,Qandala,SO,64.1747563559995,49.512938392681484,,,,
71,-33.531786496241395,-25.59370948582853,Taolanaro,MG,64.1747563559995,49.512938392681484,,,,
72,40.161190600814365,126.70420852342747,Qobustan,AZ,64.1747563559995,49.512938392681484,,,,
73,3.700270119312587,-40.269481334079146,Hobyo,SO,64.1747563559995,49.512938392681484,,,,
74,-68.7886554701568,1.2112758728040522,East London,ZA,64.1747563559995,49.512938392681484,,,,
75,4.994407533970539,76.90697636377985,Hobyo,SO,64.1747563559995,49.512938392681484,,,,
76,9.955631587307074,21.619121967374046,Bosaso,SO,64.1747563559995,49.512938392681484,,,,
77,-51.04073777003974,-1.4382200912663166,Tsihombe,MG,64.1747563559995,49.512938392681484,,,,
78,-54.811141549350836,67.82576601660301,Tsihombe,MG,64.1747563559995,49.512938392681484,,,,
79,6.442423850832851,54.08827837349277,Hobyo,SO,64.1747563559995,49.512938392681484,,,,
80,9.168983038854677,4.060327540068181,Eyl,SO,64.1747563559995,49.512938392681484,,,,
81,-11.314859554182593,-41.83572677195336,Ambilobe,MG,64.1747563559995,49.512938392681484,,,,
82,9.528320537515318,-8.51462500480401,Bandarbeyla,SO,64.1747563559995,49.512938392681484,,,,
83,-9.86580045654704,10.979465589597227,Ambilobe,MG,64.1747563559995,49.512938392681484,,,,
84,-3.081085892855798,85.64548040408793,Victoria,SC,64.1747563559995,49.512938392681484,,,,
85,-0.9666550084580523,12.553229725833756,Mogadishu,SO,64.1747563559995,49.512938392681484,,,,
86,32.01241769179841,0.6027298899572242,Masjed-E Soleyman,IR,64.1747563559995,49.512938392681484,,,,
87,0.5284294985433273,-1.6245044180948658,Mogadishu,SO,64.1747563559995,49.512938392681484,,,,
88,-33.162654061941055,43.29520059431317,Taolanaro,MG,64.1747563559995,49.512938392681484,,,,
89,7.140631924646418,-0.42560591997185193,Eyl,SO,64.1747563559995,49.512938392681484,,,,
90,1.0698581222144194,-55.7549206164306,Mogadishu,SO,64.1747563559995,49.512938392681484,,,,
91,13.206532480483768,-7.756276338377971,Qandala,SO,64.1747563559995,49.512938392681484,,,,
92,6.884253145439002,29.077198815536743,Eyl,SO,64.1747563559995,49.512938392681484,,,,
93,5.971060209139617,23.013477544728545,Hobyo,SO,64.1747563559995,49.512938392681484,,,,
94,-55.096835601759715,9.11208965403915,Tsihombe,MG,64.1747563559995,49.512938392681484,,,,
95,-2.509457608202872,19.57614987642505,Mogadishu,SO,64.1747563559995,49.512938392681484,,,,
96,-69.70363329327836,35.64269366283331,East London,ZA,64.1747563559995,49.512938392681484,,,,
97,-2.1291933332481663,-26.800538360075763,Mogadishu,SO,64.1747563559995,49.512938392681484,,,,
98,-48.47019707443983,127.00608292221399,Tsihombe,MG,64.1747563559995,49.512938392681484,,,,
99,5.6201330479658305,-71.9276643111193,Hobyo,SO,64.1747563559995,49.512938392681484,,,,
100,0.6002563266665506,33.20866129335391,Mogadishu,SO,64.1747563559995,49.512938392681484,,,,
101,42.47609563802766,-37.660734082287455,Xudat,AZ,64.1747563559995,49.512938392681484,,,,
102,5.55202604636559,18.872103236102916,Hobyo,SO,64.1747563559995,49.512938392681484,,,,
103,4.93876029917967,-32.24534136402811,Hobyo,SO,64.1747563559995,49.512938392681484,,,,
104,1.014695726230628,123.61494645884972,Mogadishu,SO,64.1747563559995,49.512938392681484,,,,
105,-7.324926529482272,-30.353184923352227,Ambilobe,MG,64.1747563559995,49.512938392681484,,,,
106,40.81734730011338,97.90399833992426,Suraabad,AZ,64.1747563559995,49.512938392681484,,,,
107,-14.334702321856662,-16.699393933617532,Andapa,MG,64.1747563559995,49.512938392681484,,,,
108,17.985069980772913,-42.87029770885062,Salalah,OM,64.1747563559995,49.512938392681484,,,,
109,-7.0961859924386275,25.756386193592864,Ambilobe,MG,64.1747563559995,49.512938392681484,,,,
110,-22.508868649044715,6.570809574746543,Manakara,MG,64.1747563559995,49.512938392681484,,,,
111,-60.92959208463515,-5.00084198066664,East London,ZA,64.1747563559995,49.512938392681484,,,,
112,-14.943378235656564,-4.696708411737454,Andapa,MG,64.1747563559995,49.512938392681484,,,,
113,-5.934723411928435,-2.9688374880025927,Victoria,SC,64.1747563559995,49.512938392681484,,,,
114,2.3941106032396418,113.18988267622962,Hobyo,SO,64.1747563559995,49.512938392681484,,,,
115,24.39766737277023,-3.4034179668995166,Abu Samrah,QA,64.1747563559995,49.512938392681484,,,,
116,70.26425443604295,33.10528990190077,Belushya Guba,RU,64.1747563559995,49.512938392681484,,,,
117,18.337076015460784,23.760155809310675,Salalah,OM,64.1747563559995,49.512938392681484,,,,
118,-9.900737363054809,-4.168286382742375,Ambilobe,MG,64.1747563559995,49.512938392681484,,,,
119,17.95836865896784,-3.2757949302077733,Salalah,OM,64.1747563559995,49.512938392681484,,,,
120,5.749446606272251,11.214065151170857,Hobyo,SO,64.1747563559995,49.512938392681484,,,,
121,0.0,0.6924141540240503,Mogadishu,SO,64.1747563559995,49.512938392681484,,,,
122,-5.5479056846649515,-28.100239635144895,Victoria,SC,64.1747563559995,49.512938392681484,,,,
123,37.57680220059864,-12.999854277302944,Bandar-E Anzali,IR,64.1747563559995,49.512938392681484,,,,
124,-36.9009323248205,-55.2647756360706,Taolanaro,MG,64.1747563559995,49.512938392681484,,,,
125,-7.9097312137925515,-61.6807276403403,Ambilobe,MG,64.1747563559995,49.512938392681484,,,,
126,-13.20655780611628,33.541155479131504,Ambilobe,MG,64.1747563559995,49.512938392681484,,,,
127,-5.4636739590057575,1.6046397243440964,Victoria,SC,64.1747563559995,49.512938392681484,,,,
128,12.741570786621383,54.449963596863185,Qandala,SO,64.1747563559995,49.512938392681484,,,,
129,3.370307354329269,10.974072276556313,Hobyo,SO,64.1747563559995,49.512938392681484,,,,
130,9.848406690531093,0.4335865671045329,Bandarbeyla,SO,64.1747563559995,49.512938392681484,,,,
131,35.82137408281419,-7.345719233851094,Takestan,IR,64.1747563559995,49.512938392681484,,,,
132,-58.21668989522952,-79.19619697933027,Tsihombe,MG,64.1747563559995,49.512938392681484,,,,
133,-24.23903436165525,0.4685493027905393,Vangaindrano,MG,64.1747563559995,49.512938392681484,,,,
134,19.508023166455583,-28.093438058585825,Salalah,OM,64.1747563559995,49.512938392681484,,,,
135,19.769857304590104,-3.8442242622793366,Abu Samrah,QA,64.1747563559995,49.512938392681484,,,,
136,16.387677351722683,69.18974614609269,Salalah,OM,64.1747563559995,49.512938392681484,,,,
137,-0.8056590948444304,3.099533492808199,Mogadishu,SO,64.1747563559995,49.512938392681484,,,,
138,-55.3210807865871,-140.89408982100198,Tsihombe,MG,64.1747563559995,49.512938392681484,,,,
139,20.248973990516607,145.00288531760157,Abu Samrah,QA,64.1747563559995,49.512938392681484,,,,
140,50.75928866035577,107.92971387701442,Ozinki,RU,64.1747563559995,49.512938392681484,,,,
141,-20.59486275408903,0.08619774327996543,Nosy Varika,MG,64.1747563559995,49.512938392681484,,,,
142,30.376534781508347,1.9044562500735784,Hendijan,IR,64.1747563559995,49.512938392681484,,,,
143,8.853909436338878,3.004093914964411,Eyl,SO,64.1747563559995,49.512938392681484,,,,
144,5.555693382061988,13.069997914207605,Hobyo,SO,64.1747563559995,49.512938392681484,,,,
145,-9.763843924854667,-8.476009217940774,Ambilobe,MG,64.1747563559995,49.512938392681484,,,,
146,-77.85030163122036,-8.510459105824319,Port Alfred,ZA,64.1747563559995,49.512938392681484,,,,
147,-4.762296408791639,20.437961847229058,Victoria,SC,64.1747563559995,49.512938392681484,,,,
148,11.732227791558758,129.0626611820237,Qandala,SO,64.1747563559995,49.512938392681484,,,,
149,-63.717611178375904,16.275103861627798,East London,ZA,64.1747563559995,49.512938392681484,,,,
150,-8.054986876899363,132.51784071106604,Ambilobe,MG,64.1747563559995,49.512938392681484,,,,
151,6.105836547623026,133.27631188024384,Hobyo,SO,64.1747563559995,49.512938392681484,,,,
152,42.17975924980196,-94.08179793577943,Xudat,AZ,64.1747563559995,49.512938392681484,,,,
153,38.26603501915421,-41.322579015383475,Astara,IR,64.1747563559995,49.512938392681484,,,,
154,-52.895206014545224,-47.444536677144754,Tsihombe,MG,64.1747563559995,49.512938392681484,,,,
155,-37.717376975280075,67.47389019481983,Taolanaro,MG,64.1747563559995,49.512938392681484,,,,
156,32.84028147556309,57.07288326349338,Aligudarz,IR,64.1747563559995,49.512938392681484,,,,
157,20.056802546657075,10.994234292452077,Abu Samrah,QA,64.1747563559995,49.512938392681484,,,,
158,27.493933594448027,4.688065337049057,Safwah,SA,64.1747563559995,49.512938392681484,,,,
159,-4.9435560940209555,59.136704082339264,Victoria,SC,64.1747563559995,49.512938392681484,,,,
160,-1.2916749765580748,102.49134110572275,Mogadishu,SO,64.1747563559995,49.512938392681484,,,,
161,-24.848881865639875,-45.819865426435385,Vangaindrano,MG,64.1747563559995,49.512938392681484,,,,
162,-22.16151580911582,-7.535294581560787,Manakara,MG,64.1747563559995,49.512938392681484,,,,
163,7.93372769323995,0.9519221208540446,Eyl,SO,64.1747563559995,49.512938392681484,,,,
164,29.397244520259783,38.78828245820527,Hendijan,IR,64.1747563559995,49.512938392681484,,,,
165,0.04106679759503251,-17.991395957897822,Mogadishu,SO,64.1747563559995,49.512938392681484,,,,
166,-1.0781265239031779,-70.21717909091599,Mogadishu,SO,64.1747563559995,49.512938392681484,,,,
167,13.331395317579627,108.55604969234186,Qandala,SO,64.1747563559995,49.512938392681484,,,,
168,3.4368004319211356,-41.174583573538435,Hobyo,SO,64.1747563559995,49.512938392681484,,,,
169,-10.21256576915668,-85.59541661688242,Ambilobe,MG,64.1747563559995,49.512938392681484,,,,
170,28.285836953289426,-61.96014144641637,Bushehr,IR,64.1747563559995,49.512938392681484,,,,
171,-44.95052834152038,53.4848093988098,Tsihombe,MG,64.1747563559995,49.512938392681484,,,,
172,-2.0513685771915426,-83.13480388890568,Mogadishu,SO,64.1747563559995,49.512938392681484,,,,
173,13.030874335532951,6.880238979656744,Qandala,SO,64.1747563559995,49.512938392681484,,,,
174,-5.096867851620358,-15.834692926522973,Victoria,SC,64.1747563559995,49.512938392681484,,,,
175,-18.98772354571176,71.13349649455874,Andevoranto,MG,64.1747563559995,49.512938392681484,,,,
176,-32.25087256174162,-64.33602305550882,Taolanaro,MG,64.1747563559995,49.512938392681484,,,,
177,42.389660052117605,5.667511782070741,Xudat,AZ,64.1747563559995,49.512938392681484,,,,
178,-14.811341161901597,-56.31539298973258,Andapa,MG,64.1747563559995,49.512938392681484,,,,
179,13.225755724328877,22.026332760984687,Qandala,SO,64.1747563559995,49.512938392681484,,,,
180,-71.02757327150977,-10.216399372354807,East London,ZA,64.1747563559995,49.512938392681484,,,,
181,-12.141684446391555,-52.23535228389267,Ambilobe,MG,64.1747563559995,49.512938392681484,,,,
182,18.561633034971276,60.32175491640242,Salalah,OM,64.1747563559995,49.512938392681484,,,,
183,39.81794586136643,-27.95288470883046,Qobustan,AZ,64.1747563559995,49.512938392681484,,,,
184,-61.06166777502375,117.5421958942866,East London,ZA,64.1747563559995,49.512938392681484,,,,
185,0.27955713794647175,158.88239008344206,Mogadishu,SO,64.1747563559995,49.512938392681484,,,,
186,-2.0191385137354487,65.2941090386412,Mogadishu,SO,64.1747563559995,49.512938392681484,,,,
187,66.55669998077163,90.27295728209282,Ust-Tsilma,RU,64.1747563559995,49.512938392681484,,,,
188,11.833098327786807,65.62313188911264,Qandala,SO,64.1747563559995,49.512938392681484,,,,
189,2.4576258956639974,36.26092074756302,Hobyo,SO,64.1747563559995,49.512938392681484,,,,
190,-40.36539577678234,156.79901657998624,Taolanaro,MG,64.1747563559995,49.512938392681484,,,,
191,26.056473549884757,-136.50173609580222,Buqayq,SA,64.1747563559995,49.512938392681484,,,,
192,39.649470742476716,-0.7161578195689553,Neftcala,AZ,64.1747563559995,49.512938392681484,,,,
193,-23.249809399049,21.770326376727393,Farafangana,MG,64.1747563559995,49.512938392681484,,,,
194,-17.298963031459493,-90.68149597219083,Fenoarivo Atsinanana,MG,64.1747563559995,49.512938392681484,,,,
195,5.543633270727872,11.546787615833694,Hobyo,SO,64.1747563559995,49.512938392681484,,,,
196,5.403491918948472,70.19212109892676,Hobyo,SO,64.1747563559995,49.512938392681484,,,,
197,-5.479615956751767,-19.617217617203483,Victoria,SC,64.1747563559995,49.512938392681484,,,,
198,-8.786827760323547,20.0062019253037,Ambilobe,MG,64.1747563559995,49.512938392681484,,,,
199,25.220591933430157,18.717960063735134,Buqayq,SA,64.1747563559995,49.512938392681484,,,,
200,-0.2877762795956249,78.1668051689878,Mogadishu,SO,64.1747563559995,49.512938392681484,,,,
201,54.54181526177332,11.339103829868678,Dimitrovgrad,RU,64.1747563559995,49.512938392681484,,,,
202,-23.597989075333054,19.69726151020746,Farafangana,MG,64.1747563559995,49.512938392681484,,,,
203,27.952830368775395,27.897110278638824,Safwah,SA,64.1747563559995,49.512938392681484,,,,
204,-43.24672100571924,0.1426485182532522,Taolanaro,MG,64.1747563559995,49.512938392681484,,,,
205,19.10705936499078,46.12472051235674,Salalah,OM,64.1747563559995,49.512938392681484,,,,
206,-7.717266085827004,26.836007281190447,Ambilobe,MG,64.1747563559995,49.512938392681484,,,,
207,-21.834617080235105,39.924300682397096,Mananjary,MG,64.1747563559995,49.512938392681484,,,,
208,32.90773160205154,-7.932179307485742,Aligudarz,IR,64.1747563559995,49.512938392681484,,,,
209,-64.57289364587591,-53.58313674988027,East London,ZA,64.1747563559995,49.512938392681484,,,,
210,-13.42558851189531,-4.909126412746099,Ambilobe,MG,64.1747563559995,49.512938392681484,,,,
211,-0.0793471304444644,0.6408675623763056,Mogadishu,SO,64.1747563559995,49.512938392681484,,,,
212,-7.0718292992522045,56.67808973494811,Ambilobe,MG,64.1747563559995,49.512938392681484,,,,
213,-55.7591846573924,-76.47514907239808,Tsihombe,MG,64.1747563559995,49.512938392681484,,,,
214,1.6895206096922755,-26.79228515693324,Hobyo,SO,64.1747563559995,49.512938392681484,,,,
215,13.710981298095678,3.0110104726525124,Qandala,SO,64.1747563559995,49.512938392681484,,,,
216,1.9189278308261282,-83.63087382796999,Hobyo,SO,64.1747563559995,49.512938392681484,,,,
217,31.53759246632839,21.171444346323984,Ramhormoz,IR,64.1747563559995,49.512938392681484,,,,
218,17.497979599375146,102.71329049843294,Salalah,OM,64.1747563559995,49.512938392681484,,,,
219,-23.803417504230616,3.0535474882017812,Farafangana,MG,64.1747563559995,49.512938392681484,,,,
220,2.0402778296704662,45.966318687887394,Hobyo,SO,64.1747563559995,49.512938392681484,,,,
221,-42.783644513421535,68.78726039118065,Taolanaro,MG,64.1747563559995,49.512938392681484,,,,
222,14.793959864243607,4.385175486509183,Bereda,SO,64.1747563559995,49.512938392681484,,,,
223,-25.423796271085163,-0.3658628124621688,Taolanaro,MG,64.1747563559995,49.512938392681484,,,,
224,-0.5502850279313285,-29.327467418498742,Mogadishu,SO,64.1747563559995,49.512938392681484,,,,
225,75.37332594832303,-84.0574043536325,Belushya Guba,RU,64.1747563559995,49.512938392681484,,,,
226,-14.042150339292217,-20.37970046049009,Andapa,MG,64.1747563559995,49.512938392681484,,,,
227,0.28556985614397656,-62.09117086558091,Mogadishu,SO,64.1747563559995,49.512938392681484,,,,
228,-3.4545305343867563,-93.72824655644524,Victoria,SC,64.1747563559995,49.512938392681484,,,,
229,4.050267865932012,34.7822128728066,Hobyo,SO,64.1747563559995,49.512938392681484,,,,
230,3.765226534622749,30.735727066942662,Hobyo,SO,64.1747563559995,49.512938392681484,,,,
231,-15.560388440654883,-68.57534950564188,Maroantsetra,MG,64.1747563559995,49.512938392681484,,,,
232,4.353163296963112,-66.30174976805485,Hobyo,SO,64.1747563559995,49.512938392681484,,,,
233,56.77450349882791,-52.156696805171734,Mari-Turek,RU,64.1747563559995,49.512938392681484,,,,
234,-2.674242811774781,48.698527730988744,Victoria,SC,64.1747563559995,49.512938392681484,,,,
235,-14.632707643393537,-35.96931055664839,Andapa,MG,64.1747563559995,49.512938392681484,,,,
236,61.70722802407861,-152.68440505310798,Zheshart,RU,64.1747563559995,49.512938392681484,,,,
237,8.604737464814406,9.42813270259814,Eyl,SO,64.1747563559995,49.512938392681484,,,,
238,4.096047129919203,1.1970365194974963,Hobyo,SO,64.1747563559995,49.512938392681484,,,,
239,-1.533475087144489,-4.213524639934141,Mogadishu,SO,64.1747563559995,49.512938392681484,,,,
240,10.590403478907998,0.4298370700559533,Bosaso,SO,64.1747563559995,49.512938392681484,,,,
241,-18.072320529901262,88.09499155146626,Toamasina,MG,64.1747563559995,49.512938392681484,,,,
242,-12.097924677796215,-62.454300314423364,Ambilobe,MG,64.1747563559995,49.512938392681484,,,,
243,-0.710075966912773,-106.72254656718135,Mogadishu,SO,64.1747563559995,49.512938392681484,,,,
244,2.6995902653906834,38.109314863259954,Hobyo,SO,64.1747563559995,49.512938392681484,,,,
245,12.115575768529542,-23.233592102453105,Qandala,SO,64.1747563559995,49.512938392681484,,,,
246,22.350980831730812,119.49919350197406,Abu Samrah,QA,64.1747563559995,49.512938392681484,,,,
247,4.8107295045854315,23.964579049488588,Hobyo,SO,64.1747563559995,49.512938392681484,,,,
248,-28.959061756929625,57.4313735434212,Taolanaro,MG,64.1747563559995,49.512938392681484,,,,
249,-33.80905916916006,3.0262799834731555,Taolanaro,MG,64.1747563559995,49.512938392681484,,,,
250,64.84186557754948,8.854574286559775,Koslan,RU,64.1747563559995,49.512938392681484,,,,
251,3.9919700002910963,-10.556072577582546,Hobyo,SO,64.1747563559995,49.512938392681484,,,,
252,14.494617733862063,68.81249441855282,Qandala,SO,64.1747563559995,49.512938392681484,,,,
253,14.333715711735103,-41.41008542044838,Qandala,SO,64.1747563559995,49.512938392681484,,,,
254,6.253641553556293,118.30074123903587,Hobyo,SO,64.1747563559995,49.512938392681484,,,,
255,31.272359586645692,11.085128468014158,Ramhormoz,IR,64.1747563559995,49.512938392681484,,,,
256,-6.163981966072691,-62.22182822299817,Victoria,SC,64.1747563559995,49.512938392681484,,,,
257,26.11734814175788,-98.6803195958544,Buqayq,SA,64.1747563559995,49.512938392681484,,,,
258,-24.872425838795913,51.994595821225005,Vangaindrano,MG,64.1747563559995,49.512938392681484,,,,
259,-33.97933335828711,-24.266162278125048,Taolanaro,MG,64.1747563559995,49.512938392681484,,,,
260,15.619505615372331,79.89909156979138,Bereda,SO,64.1747563559995,49.512938392681484,,,,
261,42.61409245278231,-44.45989176010392,Xudat,AZ,64.1747563559995,49.512938392681484,,,,
262,-35.00021013228324,-11.429032603526654,Taolanaro,MG,64.1747563559995,49.512938392681484,,,,
263,40.55278148856508,-0.051870415886155596,Ceyranbatan,AZ,64.1747563559995,49.512938392681484,,,,
264,-36.79972179195985,27.14190219824893,Taolanaro,MG,64.1747563559995,49.512938392681484,,,,
265,-5.686065711283378,-64.20000480074131,Victoria,SC,64.1747563559995,49.512938392681484,,,,
266,4.633407003082997,-31.677731217593106,Hobyo,SO,64.1747563559995,49.512938392681484,,,,
267,-34.71458989694981,-20.699851997372754,Taolanaro,MG,64.1747563559995,49.512938392681484,,,,
268,2.6807285621580608,-47.13003700813908,Hobyo,SO,64.1747563559995,49.512938392681484,,,,
269,8.867994578106066,-59.873977118711686,Eyl,SO,64.1747563559995,49.512938392681484,,,,
270,-58.0461891825087,41.175708024047736,Tsihombe,MG,64.1747563559995,49.512938392681484,,,,
271,47.43031901729823,12.908465089966153,Marfino,RU,64.1747563559995,49.512938392681484,,,,
272,-57.62302361718673,-6.988573903893397,Tsihombe,MG,64.1747563559995,49.512938392681484,,,,
273,-61.46407695443874,3.0071362554004164,East London,ZA,64.1747563559995,49.512938392681484,,,,
274,-77.9780220051649,4.177001941368143,Port Alfred,ZA,64.1747563559995,49.512938392681484,,,,
275,5.182403480168473,54.00481666555187,Hobyo,SO,64.1747563559995,49.512938392681484,,,,
276,-9.973035192877015,-7.178457701528818,Ambilobe,MG,64.1747563559995,49.512938392681484,,,,
277,-62.654655158607795,77.72430724285938,East London,ZA,64.1747563559995,49.512938392681484,,,,
278,14.70842384685854,-2.3830774007469198,Bereda,SO,64.1747563559995,49.512938392681484,,,,
279,1.2402806800657116,-30.941259919083457,Mogadishu,SO,64.1747563559995,49.512938392681484,,,,
280,-23.106723816682987,-104.65128713113934,Farafangana,MG,64.1747563559995,49.512938392681484,,,,
281,-7.340943095553197,-94.70370938936044,Ambilobe,MG,64.1747563559995,49.512938392681484,,,,
282,-1.8674856163276132,29.8040973271169,Mogadishu,SO,64.1747563559995,49.512938392681484,,,,
283,-62.36861246522528,8.736619870831444,East London,ZA,64.1747563559995,49.512938392681484,,,,
284,-0.023149038493889718,-57.525724172905306,Mogadishu,SO,64.1747563559995,49.512938392681484,,,,
285,-20.684436888926314,-13.09865805611545,Nosy Varika,MG,64.1747563559995,49.512938392681484,,,,
286,-19.92728242810665,120.275697731517,Mahanoro,MG,64.1747563559995,49.512938392681484,,,,
287,24.511368564174795,1.0144704948547576,Abu Samrah,QA,64.1747563559995,49.512938392681484,,,,
288,22.90264534234535,3.7885813487349793,Abu Samrah,QA,64.1747563559995,49.512938392681484,,,,
289,23.109662430897146,-47.58516957100741,Abu Samrah,QA,64.1747563559995,49.512938392681484,,,,
290,58.97194209047023,-65.33037650018274,Murygino,RU,64.1747563559995,49.512938392681484,,,,
291,24.84275263587959,21.785514790448502,Buqayq,SA,64.1747563559995,49.512938392681484,,,,
292,29.1157502148671,-35.57793628538905,Hendijan,IR,64.1747563559995,49.512938392681484,,,,
293,-6.785198098746276,3.8117014085928584,Victoria,SC,64.1747563559995,49.512938392681484,,,,
294,-10.212888508807088,-9.192971183280665,Ambilobe,MG,64.1747563559995,49.512938392681484,,,,
295,-31.976491418549774,-63.70709697340534,Taolanaro,MG,64.1747563559995,49.512938392681484,,,,
296,-3.1322012293189787,9.536903588064021,Victoria,SC,64.1747563559995,49.512938392681484,,,,
297,13.415492404317181,-18.370560224345965,Qandala,SO,64.1747563559995,49.512938392681484,,,,
298,-41.36065518670593,4.607819624796438,Taolanaro,MG,64.1747563559995,49.512938392681484,,,,
299,41.29487188273434,62.76498829314275,Gilazi,AZ,64.1747563559995,49.512938392681484,,,,
300,-6.393204782911073,-13.851410178836359,Victoria,SC,64.1747563559995,49.512938392681484,,,,
301,47.33685317582237,12.728396462465101,Marfino,RU,64.1747563559995,49.512938392681484,,,,
302,3.088356302853116,0.04232821766655237,Hobyo,SO,64.1747563559995,49.512938392681484,,,,
303,-22.95602339783642,42.778784456333796,Farafangana,MG,64.1747563559995,49.512938392681484,,,,
304,24.78434756658883,-2.876312707615432,Buqayq,SA,64.1747563559995,49.512938392681484,,,,
305,1.8726566505240478,-19.272968113288353,Hobyo,SO,64.1747563559995,49.512938392681484,,,,
306,1.4818022351857723,84.18465893623485,Hobyo,SO,64.1747563559995,49.512938392681484,,,,
307,10.338029456742527,25.97736758425258,Bosaso,SO,64.1747563559995,49.512938392681484,,,,
308,12.669920223705638,27.537660954488473,Qandala,SO,64.1747563559995,49.512938392681484,,,,
309,28.537068095655506,86.22906728265689,Bushehr,IR,64.1747563559995,49.512938392681484,,,,
310,-9.264078930613003,-6.669957536387939,Ambilobe,MG,64.1747563559995,49.512938392681484,,,,
311,4.783866062358033,-9.994272756121466,Hobyo,SO,64.1747563559995,49.512938392681484,,,,
312,7.855653300866942,150.1317366119536,Eyl,SO,64.1747563559995,49.512938392681484,,,,
313,28.110211432175472,-161.7336193540521,Safwah,SA,64.1747563559995,49.512938392681484,,,,
314,-74.42435560743331,48.06771407929729,Port Alfred,ZA,64.1747563559995,49.512938392681484,,,,
315,-6.434157535455281,46.844868480435395,Victoria,SC,64.1747563559995,49.512938392681484,,,,
316,-13.543913225900623,-61.72547772969241,Ambilobe,MG,64.1747563559995,49.512938392681484,,,,
317,-63.10295964623157,-122.07231826194769,East London,ZA,64.1747563559995,49.512938392681484,,,,
318,15.360146943311408,50.45201475694123,Bereda,SO,64.1747563559995,49.512938392681484,,,,
319,-0.5139515126511687,-37.1140295320077,Mogadishu,SO,64.1747563559995,49.512938392681484,,,,
320,3.7668362412439187,99.5573062736807,Hobyo,SO,64.1747563559995,49.512938392681484,,,,
321,1.464513058257671,-4.9951122065071925,Hobyo,SO,64.1747563559995,49.512938392681484,,,,
322,1.2373780148654527,11.16882008524438,Mogadishu,SO,64.1747563559995,49.512938392681484,,,,
323,-10.20339589180617,-19.591383706620828,Ambilobe,MG,64.1747563559995,49.512938392681484,,,,
324,-9.244315831084428,-80.91069196807284,Ambilobe,MG,64.1747563559995,49.512938392681484,,,,
325,-19.51585194717932,84.75075369891105,Andevoranto,MG,64.1747563559995,49.512938392681484,,,,
326,13.56277809104908,-52.874068483857506,Qandala,SO,64.1747563559995,49.512938392681484,,,,
327,-4.697975901157497,-22.67320585186499,Victoria,SC,64.1747563559995,49.512938392681484,,,,
328,43.01460684776823,4.476270484807449,Derbent,RU,64.1747563559995,49.512938392681484,,,,
329,-38.35672584516342,13.661408426144568,Taolanaro,MG,64.1747563559995,49.512938392681484,,,,
330,34.942293848436314,-48.82822848223929,Tafresh,IR,64.1747563559995,49.512938392681484,,,,
331,-64.42105278846054,18.34704132099951,East London,ZA,64.1747563559995,49.512938392681484,,,,
332,-36.60569245918254,-15.193002030792444,Taolanaro,MG,64.1747563559995,49.512938392681484,,,,
333,11.159275792423362,10.363693391121327,Bosaso,SO,64.1747563559995,49.512938392681484,,,,
334,53.778343836130986,24.434713994454768,Tolyatti,RU,64.1747563559995,49.512938392681484,,,,
335,1.4196647215875335,46.81848761887522,Hobyo,SO,64.1747563559995,49.512938392681484,,,,
336,30.04572269586599,36.86325946452971,Hendijan,IR,64.1747563559995,49.512938392681484,,,,
337,-6.498932661680064,-78.64999883572065,Victoria,SC,64.1747563559995,49.512938392681484,,,,
338,38.34705028287952,-52.52839614015829,Astara,IR,64.1747563559995,49.512938392681484,,,,
339,26.64691710934375,-0.4705767689240785,Safwah,SA,64.1747563559995,49.512938392681484,,,,
340,18.675089524561056,-118.54142374861841,Salalah,OM,64.1747563559995,49.512938392681484,,,,
341,16.73405759318908,2.0407829358823406,Salalah,OM,64.1747563559995,49.512938392681484,,,,
342,-0.8105043986449765,-2.485780817300725,Mogadishu,SO,64.1747563559995,49.512938392681484,,,,
343,-11.309427051663992,59.85633876769914,Ambilobe,MG,64.1747563559995,49.512938392681484,,,,
344,33.90515576648761,74.37262077852372,Arak,IR,64.1747563559995,49.512938392681484,,,,
345,-4.820349842814365,-32.30212588018143,Victoria,SC,64.1747563559995,49.512938392681484,,,,
346,-0.492795206812205,60.802473157783616,Mogadishu,SO,64.1747563559995,49.512938392681484,,,,
347,11.278596427460185,-75.09116411696914,Bosaso,SO,64.1747563559995,49.512938392681484,,,,
348,-12.442801678577702,-34.9647925608007,Ambilobe,MG,64.1747563559995,49.512938392681484,,,,
349,0.6991934489172956,34.908171172294786,Mogadishu,SO,64.1747563559995,49.512938392681484,,,,
350,-34.73126126748568,31.835473662811218,Taolanaro,MG,64.1747563559995,49.512938392681484,,,,
351,-0.10255325297019768,-42.78007750590338,Mogadishu,SO,64.1747563559995,49.512938392681484,,,,
352,15.102142530418753,7.97419697542332,Bereda,SO,64.1747563559995,49.512938392681484,,,,
353,-3.596020524610971,9.966592840031813,Victoria,SC,64.1747563559995,49.512938392681484,,,,
354,-14.425477824981833,4.088594908409445,Andapa,MG,64.1747563559995,49.512938392681484,,,,
355,20.142118347741597,-107.71211428489771,Abu Samrah,QA,64.1747563559995,49.512938392681484,,,,
356,14.38124776678984,105.53549284255111,Qandala,SO,64.1747563559995,49.512938392681484,,,,
357,8.828411815910242,50.155867123895725,Eyl,SO,64.1747563559995,49.512938392681484,,,,
358,25.452809374986284,28.675539880874,Buqayq,SA,64.1747563559995,49.512938392681484,,,,
359,-15.673316015927185,34.10252486391577,Maroantsetra,MG,64.1747563559995,49.512938392681484,,,,
360,-23.23117355982854,-97.27322830180353,Farafangana,MG,64.1747563559995,49.512938392681484,,,,
361,-0.05298380170047645,35.336861718711496,Mogadishu,SO,64.1747563559995,49.512938392681484,,,,
362,-1.487556981767823,-12.163639396669133,Mogadishu,SO,64.1747563559995,49.512938392681484,,,,
363,-57.746922022185565,-9.92605820749991,Tsihombe,MG,64.1747563559995,49.512938392681484,,,,
364,10.347306552191164,36.54333644888229,Bosaso,SO,64.1747563559995,49.512938392681484,,,,
365,37.99545749083383,-49.54673638960248,Bandar-E Anzali,IR,64.1747563559995,49.512938392681484,,,,
366,-10.389377641609686,-125.68534728924445,Ambilobe,MG,64.1747563559995,49.512938392681484,,,,
367,-12.461706872219297,-6.529793272401208,Ambilobe,MG,64.1747563559995,49.512938392681484,,,,
368,-1.4314139743457321,-4.451894266873245,Mogadishu,SO,64.1747563559995,49.512938392681484,,,,
369,3.9289640850569443,16.37908359169703,Hobyo,SO,64.1747563559995,49.512938392681484,,,,
370,8.167967241217443,-24.53597148581853,Eyl,SO,64.1747563559995,49.512938392681484,,,,
371,6.774160311638656,1.1420957774636382,Eyl,SO,64.1747563559995,49.512938392681484,,,,
372,29.30682668657323,-41.81580976153767,Hendijan,IR,64.1747563559995,49.512938392681484,,,,
373,2.3174028768018418,-21.34224065074663,Hobyo,SO,64.1747563559995,49.512938392681484,,,,
374,18.99445473477482,56.21802769414556,Salalah,OM,64.1747563559995,49.512938392681484,,,,
375,-12.593466033303025,-71.90481620077101,Ambilobe,MG,64.1747563559995,49.512938392681484,,,,
376,19.52763667329629,38.951390623674754,Salalah,OM,64.1747563559995,49.512938392681484,,,,
377,-2.2209101970473846,-33.86846929048413,Mogadishu,SO,64.1747563559995,49.512938392681484,,,,
378,-9.9077792330658,-70.66414844692262,Ambilobe,MG,64.1747563559995,49.512938392681484,,,,
379,-20.395851869895893,-35.44445231982503,Mahanoro,MG,64.1747563559995,49.512938392681484,,,,
380,0.3335497051742957,-12.40925734662642,Mogadishu,SO,64.1747563559995,49.512938392681484,,,,
381,-2.3192257605402,0.9139376824516643,Mogadishu,SO,64.1747563559995,49.512938392681484,,,,
382,1.0409363910499403,-63.16413778554789,Mogadishu,SO,64.1747563559995,49.512938392681484,,,,
383,-41.975141332210455,-70.75881706356539,Taolanaro,MG,64.1747563559995,49.512938392681484,,,,
384,47.15769521003079,101.59241971027758,Marfino,RU,64.1747563559995,49.512938392681484,,,,
385,-52.49398403303045,18.683317676724617,Tsihombe,MG,64.1747563559995,49.512938392681484,,,,
386,-66.62505467924804,-102.24904140637801,East London,ZA,64.1747563559995,49.512938392681484,,,,
387,-24.33584571444832,48.53423487732126,Vangaindrano,MG,64.1747563559995,49.512938392681484,,,,
388,0.14405608410320436,-69.78613841586737,Mogadishu,SO,64.1747563559995,49.512938392681484,,,,
389,46.920729072787054,-41.824608735456955,Marfino,RU,64.1747563559995,49.512938392681484,,,,
390,40.00731581662427,53.39061889755944,Qobustan,AZ,64.1747563559995,49.512938392681484,,,,
391,8.183620460393222,13.902569729401055,Eyl,SO,64.1747563559995,49.512938392681484,,,,
392,-4.51537495766659,-13.983729447958572,Victoria,SC,64.1747563559995,49.512938392681484,,,,
393,-6.409230812422769,163.20897127138815,Victoria,SC,64.1747563559995,49.512938392681484,,,,
394,15.792726649407843,77.90011978452223,Bereda,SO,64.1747563559995,49.512938392681484,,,,
395,-38.312558440165155,39.88382353513928,Taolanaro,MG,64.1747563559995,49.512938392681484,,,,
396,30.291709020724564,60.32741105938162,Hendijan,IR,64.1747563559995,49.512938392681484,,,,
397,-69.19470885877533,-4.441879859938074,East London,ZA,64.1747563559995,49.512938392681484,,,,
398,80.98460727307426,-5.125513998567531,Belushya Guba,RU,64.1747563559995,49.512938392681484,,,,
399,8.662135972241577,15.24558282419845,Eyl,SO,64.1747563559995,49.512938392681484,,,,
400,10.605042725120073,33.77468216257171,Bosaso,SO,64.1747563559995,49.512938392681484,,,,
401,-39.39016113136711,65.75470367786625,Taolanaro,MG,64.1747563559995,49.512938392681484,,,,
402,-16.01398874362696,84.33569559926826,Mananara,MG,64.1747563559995,49.512938392681484,,,,
403,47.276137834738876,-3.3602805015281834,Marfino,RU,64.1747563559995,49.512938392681484,,,,
404,21.09556091736817,40.06509149861252,Abu Samrah,QA,64.1747563559995,49.512938392681484,,,,
405,1.0742605185446914,10.30667680855046,Mogadishu,SO,64.1747563559995,49.512938392681484,,,,
406,43.5509724890721,24.234497695960307,Fort-Shevchenko,KZ,64.1747563559995,49.512938392681484,,,,
407,-26.73187597670653,2.2919091975417514,Taolanaro,MG,64.1747563559995,49.512938392681484,,,,
408,18.262068967702906,-25.8236851449042,Salalah,OM,64.1747563559995,49.512938392681484,,,,
409,5.559248834052091,28.64765612248643,Hobyo,SO,64.1747563559995,49.512938392681484,,,,
410,-0.5463117737430501,-23.000503884373806,Mogadishu,SO,64.1747563559995,49.512938392681484,,,,
411,1.1910212850796138,-25.993607544379472,Mogadishu,SO,64.1747563559995,49.512938392681484,,,,
412,-2.6314948084821776,33.44942598978534,Victoria,SC,64.1747563559995,49.512938392681484,,,,
413,10.582916760883823,27.799797985021257,Bosaso,SO,64.1747563559995,49.512938392681484,,,,
414,10.279388536039313,-45.47494918586173,Bosaso,SO,64.1747563559995,49.512938392681484,,,,
415,4.129630107542331,2.876706552978415,Hobyo,SO,64.1747563559995,49.512938392681484,,,,
416,-10.519924114605963,24.986334223118767,Ambilobe,MG,64.1747563559995,49.512938392681484,,,,
417,26.58065650004411,35.760863423639044,Safwah,SA,64.1747563559995,49.512938392681484,,,,
418,34.526960847690624,-83.93041158046736,Arak,IR,64.1747563559995,49.512938392681484,,,,
419,-3.7367150848328423,25.147927349614893,Victoria,SC,64.1747563559995,49.512938392681484,,,,
420,-12.42121915372422,-14.545853041705398,Ambilobe,MG,64.1747563559995,49.512938392681484,,,,
421,-47.36793977738394,34.750601726946684,Tsihombe,MG,64.1747563559995,49.512938392681484,,,,
422,13.925423398725785,0.038575377977272396,Qandala,SO,64.1747563559995,49.512938392681484,,,,
423,24.235043115200508,-50.23369563234663,Abu Samrah,QA,64.1747563559995,49.512938392681484,,,,
424,66.99473354099081,18.464531979180183,Ust-Tsilma,RU,64.1747563559995,49.512938392681484,,,,
425,-6.238675396619379,-7.236977342043011,Victoria,SC,64.1747563559995,49.512938392681484,,,,
426,-1.498439819444469,-73.30131704624709,Mogadishu,SO,64.1747563559995,49.512938392681484,,,,
427,56.413969093622775,15.034564655477482,Bolshaya Atnya,RU,64.1747563559995,49.512938392681484,,,,
428,5.837887363241583,43.61232774917083,Hobyo,SO,64.1747563559995,49.512938392681484,,,,
429,9.184260243320386,-44.57090769228793,Eyl,SO,64.1747563559995,49.512938392681484,,,,
430,65.46394483547648,36.32156252192016,Koslan,RU,64.1747563559995,49.512938392681484,,,,
431,-40.55367710653494,25.544402024106123,Taolanaro,MG,64.1747563559995,49.512938392681484,,,,
432,-73.57828646330076,73.494290428655,Port Alfred,ZA,64.1747563559995,49.512938392681484,,,,
433,29.01926718873736,157.93057946952266,Hendijan,IR,64.1747563559995,49.512938392681484,,,,
434,-18.842380107755545,-6.315447013202142,Andevoranto,MG,64.1747563559995,49.512938392681484,,,,
435,-0.0,14.678592038741042,Mogadishu,SO,64.1747563559995,49.512938392681484,,,,
436,9.771295730891364,-36.033606832535085,Bandarbeyla,SO,64.1747563559995,49.512938392681484,,,,
437,36.51386429082538,6.877691762302546,Rudbar,IR,64.1747563559995,49.512938392681484,,,,
438,63.382902365982225,67.12912829346932,Koslan,RU,64.1747563559995,49.512938392681484,,,,
439,-8.132701603072958,-117.54882023759666,Ambilobe,MG,64.1747563559995,49.512938392681484,,,,
440,-5.749496888882916,-1.2705713139750863,Victoria,SC,64.1747563559995,49.512938392681484,,,,
441,-4.194275738833942,-14.269031352350927,Victoria,SC,64.1747563559995,49.512938392681484,,,,
442,9.38610510849316,-115.38397364070967,Bandarbeyla,SO,64.1747563559995,49.512938392681484,,,,
443,0.30754683448192366,-90.66986715539832,Mogadishu,SO,64.1747563559995,49.512938392681484,,,,
444,66.39492021651728,-2.6462218712404013,Ust-Tsilma,RU,64.1747563559995,49.512938392681484,,,,
445,41.345089848530705,2.385044012847694,Gilazi,AZ,64.1747563559995,49.512938392681484,,,,
446,-15.62915920722951,8.874110130757868,Maroantsetra,MG,64.1747563559995,49.512938392681484,,,,
447,66.25794253051109,114.34672557151609,Ust-Tsilma,RU,64.1747563559995,49.512938392681484,,,,
448,-8.597483710786515,-78.32435573392127,Ambilobe,MG,64.1747563559995,49.512938392681484,,,,
449,-0.7771211530515076,-12.920501513362634,Mogadishu,SO,64.1747563559995,49.512938392681484,,,,
450,9.122209802587726,-15.431810741856761,Eyl,SO,64.1747563559995,49.512938392681484,,,,
451,-29.19275263595864,-48.73240585228313,Taolanaro,MG,64.1747563559995,49.512938392681484,,,,
452,61.82652611855039,-18.174894581121954,Zheshart,RU,64.1747563559995,49.512938392681484,,,,
453,24.41391543439007,1.851254927702096,Abu Samrah,QA,64.1747563559995,49.512938392681484,,,,
454,1.2300109922753517,-56.9352046130395,Mogadishu,SO,64.1747563559995,49.512938392681484,,,,
455,3.4779073036033505,-140.51807114096022,Hobyo,SO,64.1747563559995,49.512938392681484,,,,
456,36.630228615473875,49.99543798457859,Rudbar,IR,64.1747563559995,49.512938392681484,,,,
457,15.529511999696687,115.96208852963059,Bereda,SO,64.1747563559995,49.512938392681484,,,,
458,-4.43224091835686,13.941580440666165,Victoria,SC,64.1747563559995,49.512938392681484,,,,
459,-35.55574675873838,6.071169223318851,Taolanaro,MG,64.1747563559995,49.512938392681484,,,,
460,58.65670203794931,-29.54981347605623,Murygino,RU,64.1747563559995,49.512938392681484,,,,
461,-50.83027787386155,-9.68432507119042,Tsihombe,MG,64.1747563559995,49.512938392681484,,,,
462,-0.979062376426481,-19.96675702902608,Mogadishu,SO,64.1747563559995,49.512938392681484,,,,
463,-11.704049529108598,-88.80013656830052,Ambilobe,MG,64.1747563559995,49.512938392681484,,,,
464,14.675457405962312,-1.0325537800662687,Bereda,SO,64.1747563559995,49.512938392681484,,,,
465,57.21451778163261,35.14500064240272,Lebyazhye,RU,64.1747563559995,49.512938392681484,,,,
466,-6.202760617842043,112.95937003054607,Victoria,SC,64.1747563559995,49.512938392681484,,,,
467,-33.83474569233292,8.881998692430171,Taolanaro,MG,64.1747563559995,49.512938392681484,,,,
468,-17.431392476521637,-4.037280236505339,Fenoarivo Atsinanana,MG,64.1747563559995,49.512938392681484,,,,
469,-9.778072775360327,-34.84932380571553,Ambilobe,MG,64.1747563559995,49.512938392681484,,,,
470,-1.134947284393406,87.8121551293415,Mogadishu,SO,64.1747563559995,49.512938392681484,,,,
471,35.17235480590504,-79.96409631101187,Tafresh,IR,64.1747563559995,49.512938392681484,,,,
472,65.16600905874468,93.65466324845269,Koslan,RU,64.1747563559995,49.512938392681484,,,,
473,-30.27895248405951,-37.048343630423666,Taolanaro,MG,64.1747563559995,49.512938392681484,,,,
474,1.3123889124540966,-106.33649973062434,Hobyo,SO,64.1747563559995,49.512938392681484,,,,
475,12.21833959012348,-65.40342581249234,Qandala,SO,64.1747563559995,49.512938392681484,,,,
476,0.37231439649552533,0.22272874877060866,Mogadishu,SO,64.1747563559995,49.512938392681484,,,,
477,-0.46214861795962725,-2.8205040221231568,Mogadishu,SO,64.1747563559995,49.512938392681484,,,,
478,47.28791582485514,29.337218921610003,Marfino,RU,64.1747563559995,49.512938392681484,,,,
479,-2.005215114312345,-0.30630064966003623,Mogadishu,SO,64.1747563559995,49.512938392681484,,,,
480,63.30345792121055,-2.80898775092255,Koslan,RU,64.1747563559995,49.512938392681484,,,,
481,31.457381103960774,40.95533196008759,Ramhormoz,IR,64.1747563559995,49.512938392681484,,,,
482,-0.014233054899113973,36.81866219912986,Mogadishu,SO,64.1747563559995,49.512938392681484,,,,
483,-12.119176005316223,73.18256616281036,Ambilobe,MG,64.1747563559995,49.512938392681484,,,,
484,-58.68225051482834,-4.47290940476672,East London,ZA,64.1747563559995,49.512938392681484,,,,
485,-4.872986195441296,62.43868071789161,Victoria,SC,64.1747563559995,49.512938392681484,,,,
486,-0.4462570719036085,19.77738529974632,Mogadishu,SO,64.1747563559995,49.512938392681484,,,,
487,-32.246019762506585,-76.02723584240007,Taolanaro,MG,64.1747563559995,49.512938392681484,,,,
488,-4.796671211625208,42.30119179586224,Victoria,SC,64.1747563559995,49.512938392681484,,,,
489,27.389599708101432,6.6495523899230955,Safwah,SA,64.1747563559995,49.512938392681484,,,,
490,6.139782958606562,20.19030170258108,Hobyo,SO,64.1747563559995,49.512938392681484,,,,
491,5.613465918402046,13.30937406585771,Hobyo,SO,64.1747563559995,49.512938392681484,,,,
492,-10.923938906813692,59.8923264863459,Ambilobe,MG,64.1747563559995,49.512938392681484,,,,
493,9.616841039206623,139.49838700246562,Bandarbeyla,SO,64.1747563559995,49.512938392681484,,,,
494,-0.4759982931687665,56.713162770017135,Mogadishu,SO,64.1747563559995,49.512938392681484,,,,
495,-0.5581266273480585,99.9239934961632,Mogadishu,SO,64.1747563559995,49.512938392681484,,,,
496,-4.101066074863718,95.66452130339822,Victoria,SC,64.1747563559995,49.512938392681484,,,,
497,-4.229107807712755,54.52540956530591,Victoria,SC,64.1747563559995,49.512938392681484,,,,
498,0.0033110118973040947,-51.58374345842045,Mogadishu,SO,64.1747563559995,49.512938392681484,,,,
499,-12.071639386212338,105.75676889309086,Ambilobe,MG,64.1747563559995,49.512938392681484,,,,
500,48.502617135108395,-78.24909024566512,Aleksandrov Gay,RU,64.1747563559995,49.512938392681484,,,,
501,10.037541448510355,60.68656375189869,Bosaso,SO,64.1747563559995,49.512938392681484,,,,
502,-29.58816179985089,-4.655242132660127,Taolanaro,MG,64.1747563559995,49.512938392681484,,,,
503,-6.059372390159194,10.632002810998895,Victoria,SC,64.1747563559995,49.512938392681484,,,,
504,-1.6576684391466148,-4.850102180535182,Mogadishu,SO,64.1747563559995,49.512938392681484,,,,
505,8.64986953463958,-94.82921556036925,Eyl,SO,64.1747563559995,49.512938392681484,,,,
506,-8.83712073630877,49.84274752961418,Ambilobe,MG,64.1747563559995,49.512938392681484,,,,
507,-3.85282240063612,-156.3182179834677,Victoria,SC,64.1747563559995,49.512938392681484,,,,
508,0.7836198854425896,21.01267322053185,Mogadishu,SO,64.1747563559995,49.512938392681484,,,,
509,-1.520949594789836,-80.58069168178389,Mogadishu,SO,64.1747563559995,49.512938392681484,,,,
510,-20.69004966444064,40.35410990495882,Nosy Varika,MG,64.1747563559995,49.512938392681484,,,,
511,26.39063747706469,-63.033341631723125,Buqayq,SA,64.1747563559995,49.512938392681484,,,,
512,0.5881647189637174,-118.7511815726553,Mogadishu,SO,64.1747563559995,49.512938392681484,,,,
513,23.719981572532827,-169.70501140438427,Abu Samrah,QA,64.1747563559995,49.512938392681484,,,,
514,7.880075379594656,-77.11206622652298,Eyl,SO,64.1747563559995,49.512938392681484,,,,
515,-37.28758006675847,-48.249424495378356,Taolanaro,MG,64.1747563559995,49.512938392681484,,,,
516,16.75135033029514,-52.16713214854504,Salalah,OM,64.1747563559995,49.512938392681484,,,,
517,39.75978074595466,17.618069503191002,Qobustan,AZ,64.1747563559995,49.512938392681484,,,,
518,-66.8065481700214,-8.481964151700385,East London,ZA,64.1747563559995,49.512938392681484,,,,
519,14.59230183355099,42.820512240012214,Qandala,SO,64.1747563559995,49.512938392681484,,,,
520,25.923292975633395,36.1091181910027,Buqayq,SA,64.1747563559995,49.512938392681484,,,,
521,11.588623517647587,3.8246139758890187,Qandala,SO,64.1747563559995,49.512938392681484,,,,
522,1.7355361258828523,-48.77268409553779,Hobyo,SO,64.1747563559995,49.512938392681484,,,,
523,-9.70643668120555,28.405506739193864,Ambilobe,MG,64.1747563559995,49.512938392681484,,,,
524,-17.375056022173613,83.37704064285488,Fenoarivo Atsinanana,MG,64.1747563559995,49.512938392681484,,,,
525,13.501125160875118,23.868385376274315,Qandala,SO,64.1747563559995,49.512938392681484,,,,
526,-36.3271600168473,-47.60073826638997,Taolanaro,MG,64.1747563559995,49.512938392681484,,,,
527,47.29018519345123,5.902184597305349,Marfino,RU,64.1747563559995,49.512938392681484,,,,
528,-11.119890911175586,89.98241536994448,Ambilobe,MG,64.1747563559995,49.512938392681484,,,,
529,11.036894319181398,-113.66275927398583,Bosaso,SO,64.1747563559995,49.512938392681484,,,,
530,29.344140484861114,122.11051467537894,Hendijan,IR,64.1747563559995,49.512938392681484,,,,
531,-26.91884773654742,17.175436641240744,Taolanaro,MG,64.1747563559995,49.512938392681484,,,,
532,-2.4770534453700748,2.1039810358992534,Mogadishu,SO,64.1747563559995,49.512938392681484,,,,
533,58.27263030927215,65.74425740912892,Nizhneivkino,RU,64.1747563559995,49.512938392681484,,,,
534,17.913656112475113,65.88388303044984,Salalah,OM,64.1747563559995,49.512938392681484,,,,
535,1.7859728615645942,-16.53125135369039,Hobyo,SO,64.1747563559995,49.512938392681484,,,,
536,0.05628313338870117,-24.00897886406828,Mogadishu,SO,64.1747563559995,49.512938392681484,,,,
537,-3.018423421371963,-105.69808630355737,Victoria,SC,64.1747563559995,49.512938392681484,,,,
538,13.421151101009762,-85.65167995195945,Qandala,SO,64.1747563559995,49.512938392681484,,,,
539,4.64372331473785,-9.757338086799223,Hobyo,SO,64.1747563559995,49.512938392681484,,,,
540,-21.510708937219597,-6.394141270025084,Mananjary,MG,64.1747563559995,49.512938392681484,,,,
541,-65.16938343640533,117.36515997532457,East London,ZA,64.1747563559995,49.512938392681484,,,,
542,9.121040001187174,-58.32535360701642,Eyl,SO,64.1747563559995,49.512938392681484,,,,
543,5.420553027029888,3.701591912735989,Hobyo,SO,64.1747563559995,49.512938392681484,,,,
544,1.2718688004887075,-95.63252635241531,Hobyo,SO,64.1747563559995,49.512938392681484,,,,
545,0.10013725398437956,-15.438074948561217,Mogadishu,SO,64.1747563559995,49.512938392681484,,,,
546,48.237125099347075,-17.100953318315927,Marfino,RU,64.1747563559995,49.512938392681484,,,,
547,24.273927970096796,95.30962725409073,Abu Samrah,QA,64.1747563559995,49.512938392681484,,,,
548,71.97312978478843,14.999955083710095,Belushya Guba,RU,64.1747563559995,49.512938392681484,,,,
549,-11.68938050761287,-2.6263706079544917,Ambilobe,MG,64.1747563559995,49.512938392681484,,,,
550,-55.763871146572086,86.15486552392991,Tsihombe,MG,64.1747563559995,49.512938392681484,,,,
551,-53.80003498279827,149.1188235848143,Tsihombe,MG,64.1747563559995,49.512938392681484,,,,
552,16.037790453701287,-134.34252156654986,Bereda,SO,64.1747563559995,49.512938392681484,,,,
553,50.91182184099813,10.509120822353887,Ozinki,RU,64.1747563559995,49.512938392681484,,,,
554,-29.810541461244455,15.746783171696613,Taolanaro,MG,64.1747563559995,49.512938392681484,,,,
555,-12.900075007416643,1.4153617529294082,Ambilobe,MG,64.1747563559995,49.512938392681484,,,,
556,9.712478414734298,80.9274445756919,Bandarbeyla,SO,64.1747563559995,49.512938392681484,,,,
557,-14.812742681916136,0.7410406664963468,Andapa,MG,64.1747563559995,49.512938392681484,,,,
558,-20.900642295334915,-69.01945258991755,Nosy Varika,MG,64.1747563559995,49.512938392681484,,,,
559,75.52531114558215,-79.78920448439969,Belushya Guba,RU,64.1747563559995,49.512938392681484,,,,
560,-15.840108823291773,78.3662579199802,Mananara,MG,64.1747563559995,49.512938392681484,,,,
561,44.10091400319639,17.546845348598957,Fort-Shevchenko,KZ,64.1747563559995,49.512938392681484,,,,
562,-15.479923354877354,-1.124187223433293,Maroantsetra,MG,64.1747563559995,49.512938392681484,,,,
563,-2.512301219335754,-81.98651696136433,Mogadishu,SO,64.1747563559995,49.512938392681484,,,,
564,0.12302414694262609,-36.66814034837512,Mogadishu,SO,64.1747563559995,49.512938392681484,,,,
565,15.478975438297049,5.096974765044559,Bereda,SO,64.1747563559995,49.512938392681484,,,,
566,-23.6801737890327,17.710381549419388,Farafangana,MG,64.1747563559995,49.512938392681484,,,,
567,21.41679158078426,-75.70334868179512,Abu Samrah,QA,64.1747563559995,49.512938392681484,,,,
568,56.61285762331774,-55.059858542769774,Paranga,RU,64.1747563559995,49.512938392681484,,,,
569,-20.41147116460396,-73.34596564582858,Mahanoro,MG,64.1747563559995,49.512938392681484,,,,
570,-18.956293868955647,5.967954967931289,Andevoranto,MG,64.1747563559995,49.512938392681484,,,,
571,37.45475000199062,13.345384020988583,Bandar-E Anzali,IR,64.1747563559995,49.512938392681484,,,,
572,9.754504771536812,-11.1972369610594,Bandarbeyla,SO,64.1747563559995,49.512938392681484,,,,
573,-5.0341335342775135,-4.274460116057894,Victoria,SC,64.1747563559995,49.512938392681484,,,,
574,-72.75480563952812,-61.41018446065978,Port Alfred,ZA,64.1747563559995,49.512938392681484,,,,
575,-11.04576720360067,-56.764093645983664,Ambilobe,MG,64.1747563559995,49.512938392681484,,,,
576,29.34803023414073,51.97964966187458,Hendijan,IR,64.1747563559995,49.512938392681484,,,,
577,-6.677874530199904,-75.04321181468613,Victoria,SC,64.1747563559995,49.512938392681484,,,,
578,-1.620908746475962,-2.944831737380582,Mogadishu,SO,64.1747563559995,49.512938392681484,,,,
579,-56.99585843073331,-87.57622811730614,Tsihombe,MG,64.1747563559995,49.512938392681484,,,,
580,-29.77513099504901,66.43012960245855,Taolanaro,MG,64.1747563559995,49.512938392681484,,,,
581,19.02925534387738,11.262508005531558,Salalah,OM,64.1747563559995,49.512938392681484,,,,
582,-7.854528106487873,146.69669261187764,Ambilobe,MG,64.1747563559995,49.512938392681484,,,,
583,78.17029451461794,-11.206091155756134,Belushya Guba,RU,64.1747563559995,49.512938392681484,,,,
584,-2.1829603721882562,-29.47602118366493,Mogadishu,SO,64.1747563559995,49.512938392681484,,,,
585,-4.34227422958929,-130.93304750342048,Victoria,SC,64.1747563559995,49.512938392681484,,,,
586,23.925999299118395,-21.836601569556525,Abu Samrah,QA,64.1747563559995,49.512938392681484,,,,
587,-6.527708893969826,122.18349437118621,Victoria,SC,64.1747563559995,49.512938392681484,,,,
588,-5.992793634741363,2.3930195517363604,Victoria,SC,64.1747563559995,49.512938392681484,,,,
589,29.438668686375877,-3.289227186986144,Hendijan,IR,64.1747563559995,49.512938392681484,,,,
590,13.291269578376355,-0.7813449717859235,Qandala,SO,64.1747563559995,49.512938392681484,,,,
591,25.90237848551438,-2.20623493039824,Buqayq,SA,64.1747563559995,49.512938392681484,,,,
592,-5.121118052335593,-14.807312372111577,Victoria,SC,64.1747563559995,49.512938392681484,,,,
593,-47.66786835132171,-44.42670161973794,Tsihombe,MG,64.1747563559995,49.512938392681484,,,,
594,24.893799613510325,-34.60674939331154,Buqayq,SA,64.1747563559995,49.512938392681484,,,,
595,8.425168305720133,3.004404463553665,Eyl,SO,64.1747563559995,49.512938392681484,,,,
596,-0.6094340806798382,-20.972527351288917,Mogadishu,SO,64.1747563559995,49.512938392681484,,,,
597,-36.347516699111466,9.206369128092838,Taolanaro,MG,64.1747563559995,49.512938392681484,,,,
598,-48.992852641280365,-14.583201114750965,Tsihombe,MG,64.1747563559995,49.512938392681484,,,,
599,64.1747563559995,49.512938392681484,Koslan,RU,64.1747563559995,49.512938392681484,,,,
